mx,my,mz
-82.2222, -52.3977, -30.1364
-81.23, -54.2539, -30.4471
-81.6764, -52.3587, -30.1364
-81.4941, -52.292, -30.8998
-81.5318, -51.5374, -30.2584
-82.2864, -50.4056, -29.6171
-81.2677, -51.6129, -29.5793
-83.5314, -51.6506, -29.6548
-81.4941, -51.5374, -30.8998
-82.2864, -52.9334, -30.6735
-81.1168, -53.0466, -29.6925
-82.2109, -52.5938, -30.2584
-82.8146, -52.5938, -30.1453
-81.7959, -52.9711, -30.6735
-80.664, -51.5752, -30.2207
-81.6072, -52.6693, -30.0321
-83.5314, -53.9521, -29.353
-82.4373, -52.9334, -29.9189
-82.6511, -51.462, -30.9162
-81.3431, -53.4993, -30.183
-82.846, -52.3587, -29.8246
-82.06, -51.877, -29.8434
-81.0036, -52.7825, -28.7493
-82.5127, -51.9902, -29.9943
-81.9845, -52.0279, -30.7112
-80.0981, -53.4616, -31.2771
-77.4571, -56.1026, -28.8247
-83.2673, -50.7829, -29.9189
-98.9864, -43.2749, -25.848
-85.6442, -39.087, -43.388
-73.1384, -33.3333, -55.3996
-66.8553, -34.6727, -59.0832
-58.7524, -40.9357, -58.1676
-20.5775, -48.4649, -67.617
24.2596, -55.5367, -71.6846
68.4776, -63.0447, -67.4967
108.319, -73.0806, -50.2547
158.083, -73.6842, -27.6174
203.743, -69.2398, 4.09357
233.201, -54.8198, 41.8412
248.733, -43.7817, 67.5244
256.555, -33.6163, 85.7574
236.062, -8.18713, -41.3645
217.544, -2.94284, -63.6106
198.129, 0.506823, -77.8557
175.401, 1.32051, -90.398
150.682, 2.22222, -100.429
130.466, -1.69779, -102.547
112.168, -8.86625, -103.301
93.4163, -11.5827, -104.056
64.0634, -14.2615, -103.792
28.5606, -17.1666, -101.603
-4.36647, -18.2846, -93.0214
-21.9581, -24.75, -85.8329
-32.9749, -27.7306, -78.7776
-48.46, -29.1228, -72.9435
-67.3835, -30.8998, -60.1773
-84.6633, -37.0119, -43.7653
-95.4914, -38.8983, -31.0507
-100.811, -41.0489, -24.2218
-101.641, -44.5576, -21.4676
-102.66, -46.2931, -18.6003
-99.9811, -46.6327, -19.2417
-96.3592, -48.5569, -21.1658
-86.8893, -47.8778, -28.787
-68.4776, -46.8591, -44.5954
186.833, -59.385, 153.669
203.546, -59.0832, 138.653
227.173, -51.1501, 118.012
264.327, -23.9577, 80.9281
284.016, 1.75439, 31.1501
277.851, 20.3947, -10.5994
260.894, 26.2592, -41.2375
230.221, 24.0709, -68.4022
185.814, 15.8461, -89.6057
148.048, 6.26297, -99.7925
120.921, 7.31937, -106.395
99.5661, 11.3563, -114.092
87.8752, 7.95322, -112.632
78.1362, 2.226, -112.13
54.347, -0.935673, -110.799
31.3903, -5.20656, -107.112
7.3571, -7.01754, -102.358
-20.6753, -7.92303, -96.0196
-56.2535, 0.113186, -87.6061
-87.342, 12.1864, -78.6267
-109.791, 31.1639, -75.0047
-137.936, 55.2726, -65.4216
-157.819, 69.5718, -52.3675
-165.887, 91.2671, -53.0214
157.706, -65.1198, 156.687
137.634, -71.345, 158.913
117.261, -84.0219, 154.197
100.434, -95.3028, 144.576
86.8515, -101.49, 138.389
72.5146, -105.527, 135.823
62.6297, -109.036, 133.107
58.7059, -110.13, 130.541
56.2158, -110.847, 125.297
54.5935, -113.299, 120.883
53.4993, -108.885, 131.258
58.8191, -98.7738, 153.179
81.1168, -89.3794, 162.913
106.961, -82.7391, 167.063
135.01, -80.7797, 161.754
154.461, -80.664, 149.406
166.043, -85.3021, 130.175
178.759, -93.7936, 66.9308
171.93, -79.1813, -5.22417
148.274, -57.2345, -54.4803
104.395, -44.2181, -79.419
51.3488, -40.7093, -85.0783
13.4314, -32.4844, -88.3984
-21.4299, -22.5618, -86.1724
-66.478, -10.9791, -76.0988
224.071, 23.8068, -77.2307
198.566, 32.8995, -98.0192
172.307, 26.7874, -106.47
141.209, 23.9766, -115.75
107.451, 27.2401, -122.166
80.0226, 26.8251, -125.259
51.7739, 25.653, -126.004
26.0706, 25.8064, -123.335
6.48934, 17.8834, -117.374
-4.75382, 10.8659, -110.621
-15.3556, 5.09338, -105.527
-24.6369, -1.99962, -100.094
-32.5599, -5.81022, -94.0577
-43.1969, -9.7076, -88.0702
-51.7638, -14.5256, -81.3054
-63.5478, -20.0, -72.3977
-72.5512, -21.3816, -65.3143
-81.4035, -20.1949, -61.4815
-82.6636, -19.1285, -59.6869
-75.0424, -20.2981, -66.0253
-59.1209, -20.9394, -72.1373
-34.7482, -19.6567, -85.0783
-13.0164, -17.6948, -93.4918
11.9688, -12.9045, -101.014
43.9162, -5.43294, -108.81
80.1949, 1.36452, -113.489
-35.88, -22.8636, -81.0413
-40.8225, -27.6552, -78.5135
-49.8246, -28.3431, -73.1774
-57.725, -33.0881, -63.7616
-57.7778, -39.5711, -57.271
-64.1766, -44.2181, -52.6316
-62.6121, -50.4094, -45.614
-71.0432, -52.1788, -37.8419
-81.3645, -50.8772, -32.8655
-85.3436, -47.5146, -34.174
-83.1541, -45.9536, -35.9555
-80.4377, -50.481, -34.3331
-75.3996, -54.6589, -31.6959
-71.6091, -44.2935, -45.9536
-66.3158, -33.5672, -60.2729
-62.8183, -23.3541, -70.515
-31.8129, -19.2593, -86.8616
21.6186, -20.7131, -99.3397
57.2345, -26.3347, -98.3588
50.3679, -38.936, -91.794
15.3933, -42.2939, -83.5314
-48.8964, -33.8804, -67.9117
-114.191, -18.0507, -35.4776
-152.877, -8.56442, 0.830032
-173.021, 13.5283, 14.9708
237.804, 104.395, 204.263
238.861, 134.126, 208.979
239.337, 151.774, 208.772
226.033, 161.404, 216.789
208.753, 159.215, 225.09
200.117, 148.928, 230.37
196.491, 137.521, 232.711
198.324, 132.359, 232.437
200.453, 130.202, 232.22
193.586, 135.522, 234.597
184.72, 139.559, 239.804
184.984, 149.179, 239.313
186.199, 160.936, 239.805
186.644, 167.478, 239.087
190.115, 173.854, 237.427
187.173, 168.148, 239.61
183.324, 179.438, 239.992
180.975, 210.76, 235.595
171.515, 252.971, 229.202
154.914, 293.228, 217.242
139.86, 324.467, 203.848
136.804, 351.33, 186.493
137.31, 369.084, 168.226
170.119, 362.762, 156.121
240.975, 313.84, 143.119
285.307, 259.028, 133.004
296.647, 192.398, -38.6355
282.211, 268.968, -25.2028
236.484, 344.954, -9.16808
173.741, 396.529, 15.582
137.597, 415.846, 37.276
127.68, 420.507, 53.8791
114.437, 423.136, 68.8596
92.9259, 423.845, 86.1347
67.3835, 419.808, 108.508
39.4642, 409.394, 130.504
11.1891, 397.466, 150.136
-0.528202, 380.645, 165.29
-33.3723, 355.283, 185.263
-63.837, 330.655, 192.001
-85.1915, 313.45, 195.133
-102.846, 289.435, 200.117
-109.489, 266.214, 206.716
-116.054, 243.539, 211.243
-103.679, 227.391, 224.41
-89.4548, 216.676, 234.522
-58.4041, 196.001, 249.877
-24.2105, 186.55, 261.404
14.3369, 196.642, 263.497
58.555, 215.808, 261.686
98.2833, 232.975, 255.235
251.852, 46.9006, 178.402
236.333, 47.1609, 193.397
223.543, 59.9132, 208.451
206.867, 61.3092, 218.864
191.775, 61.9883, 228.07
188.493, 59.4605, 228.485
184.016, 67.3294, 232.164
181.211, 64.2143, 232.56
183.814, 63.1956, 231.466
189.396, 60.8187, 226.862
194.114, 61.6487, 225.731
202.924, 61.5984, 221.949
227.089, 72.1373, 209.206
249.01, 79.2681, 195.774
261.271, 89.568, 185.625
267.27, 92.6995, 181.551
270.253, 95.2437, 179.337
271.458, 95.416, 180.419
270.666, 94.85, 179.702
270.93, 97.1137, 177.514
276.967, 100.132, 173.137
283.871, 91.5299, 161.969
296.548, 92.8881, 143.218
308.847, 109.602, 127.825
-67.2125, 384.99, -19.2203
-79.2303, 382.117, -8.79079
-80.2867, 387.436, 3.84833
-77.8168, 390.409, 0.0
-60.8187, 388.342, -18.5248
-47.1609, 388.38, -32.4467
-13.9974, 382.305, -57.1213
28.9379, 377.702, -72.2882
46.6327, 381.362, -71.0809
58.2456, 380.273, -71.423
83.871, 377.778, -71.7978
123.041, 380.897, -61.1696
165.478, 380.834, -41.313
190.136, 381.949, -19.4932
196.529, 386.342, -3.58423
199.887, 387.474, 9.13035
204.49, 387.361, 21.4299
210.753, 387.021, 39.6152
213.771, 383.286, 52.5938
210.37, 383.665, 66.3158
205.848, 384.758, 82.3995
197.7, 385.38, 97.037
189.549, 382.532, 115.261
176.53, 380.39, 129.435
168.874, 377.589, 141.407
172.005, 373.892, -44.784
162.988, 376.08, -49.1605
155.945, 378.986, -50.5653
143.633, 380.306, -57.3477
134.074, 378.986, -62.885
122.279, 376.835, -66.1762
111.735, 376.803, -70.3704
100.17, 375.778, -74.4765
89.983, 375.778, -77.1553
83.4937, 373.628, -77.2684
77.0798, 373.477, -78.4758
68.4211, 372.904, -79.7271
51.2792, 372.588, -81.25
35.7895, 372.008, -80.2729
31.3903, 372.722, -80.249
24.7878, 369.591, -80.2113
16.7641, 367.641, -80.4288
5.20656, 366.836, -80.3622
-7.47029, 363.705, -77.3062
-16.5252, 364.309, -75.5706
-26.1598, 364.327, -72.4756
-36.5214, 363.403, -69.3077
-44.2885, 361.481, -66.5887
-54.0653, 360.724, -62.8938
33.5408, 319.902, -114.959
87.0024, 308.546, -121.939
131.07, 294.85, -119.261
167.553, 288.927, -112.96
195.284, 284.173, -101.83
221.209, 284.834, -87.6413
247.953, 284.399, -65.3084
273.879, 275.127, -43.2359
288.738, 269.911, -23.6182
298.925, 267.233, -5.92341
301.83, 269.798, 7.58347
306.508, 269.459, 22.4486
306.621, 269.798, 36.2573
308.696, 268.629, 50.6697
308.577, 267.524, 60.9357
306.018, 270.59, 69.1568
300.624, 278.635, 76.7641
295.416, 289.304, 75.6838
292.32, 294.113, 76.3353
289.364, 295.76, 86.9518
287.757, 290.247, 100.811
283.531, 287.983, 115.978
281.004, 280.589, 128.202
274.401, 275.156, 142.539
277.193, 279.025, 135.088
258.065, 258.48, 171.1
274.971, 255.711, 154.776
286.55, 257.272, 137.748
292.671, 257.076, 123.548
297.793, 262.894, 111.602
299.491, 266.893, 99.1511
305.185, 264.288, 86.5497
308.206, 262.667, 67.5722
310.448, 266.394, 46.8616
305.98, 266.667, 26.4101
303.548, 265.497, 5.96491
297.642, 261.875, -15.4688
287.682, 259.347, -35.5782
272.364, 259.008, -55.5367
256.631, 259.913, -70.8168
244.444, 261.649, -82.4373
225.224, 262.768, -94.9708
210.526, 262.29, -105.339
193.85, 262.177, -112.998
178.872, 262.441, -119.94
158.441, 256.686, -127.875
125.976, 257.084, -135.295
81.9845, 255.725, -142.124
46.1045, 253.613, -143.746
33.1636, 253.877, -143.105
283.569, 131.221, -64.252
304.697, 115.337, -29.6548
318.959, 99.1511, 9.43218
323.977, 91.9072, 35.5405
323.712, 95.3405, 52.3297
324.807, 99.4152, 63.1579
325.674, 106.357, 69.7604
325.523, 118.883, 85.6442
321.524, 121.902, 100.472
317.336, 126.957, 113.488
314.347, 133.84, 124.094
295.066, 124.744, 155.482
251.839, 116.846, 198.717
211.432, 107.414, 225.58
192.643, 110.696, 235.805
178.834, 119.411, 244.256
163.705, 122.882, 250.406
148.802, 124.467, 253.801
135.22, 121.675, 257.65
103.197, 118.947, 264.016
76.9666, 109.074, 266.327
50.4483, 93.3723, 266.901
28.6915, 96.345, 266.63
5.73477, 100.283, 265.12
-8.56442, 104.244, 263.384
-91.0394, 149.708, 242.445
-31.6544, 137.333, 262.516
13.2164, 126.316, 269.24
37.3137, 129.032, 271.043
57.3477, 135.823, 270.477
75.1179, 139.521, 270.666
92.3222, 140.049, 269.383
108.811, 140.312, 266.511
125.222, 141.483, 262.328
141.747, 139.294, 258.366
161.366, 137.219, 252.254
176.306, 134.503, 245.614
191.926, 135.107, 239.238
204.641, 133.748, 233.503
214.073, 136.276, 227.806
227.731, 138.389, 219.808
244.105, 135.823, 210.187
255.876, 135.899, 198.642
270.779, 134.729, 189.021
283.079, 140.238, 172.684
302.886, 139.219, 145.557
315.261, 141.483, 123.486
318.808, 141.332, 116.016
323.184, 140.615, 102.811
328.391, 140.502, 84.0973
330.013, 137.106, 72.4014
329.862, 130.541, 65.0821
103.867, 53.7634, -134.126
114.659, 36.6082, -126.472
135.182, 44.9726, -125.41
180.796, 58.4795, -116.657
197.925, 60.6678, -108.998
196.038, 48.6323, -104.697
196.881, 24.5614, -90.8382
212.3, 2.67874, -68.5908
228.561, 6.26297, -57.2345
243.237, 3.65969, -40.4075
257.8, -3.58423, -17.3929
264.756, -6.15984, 1.1306
267.119, -9.99811, 14.601
269.044, -14.9783, 32.3713
270.138, -16.7516, 42.7844
272.892, -14.1105, 58.4795
273.835, -10.1113, 71.1564
271.618, -12.6316, 85.1852
264.252, -15.5065, 97.1137
259.498, -19.2417, 108.206
253.688, -18.1098, 116.733
247.161, -14.9783, 135.861
234.258, -8.07395, 157.027
220.223, -6.07433, 173.779
202.075, -8.03622, 186.833
98.5097, 34.8991, 249.01
129.24, 34.9318, 243.275
162.5, 37.7193, 231.835
193.775, 42.8976, 219.996
218.072, 49.1983, 207.131
241.577, 51.877, 192.907
259.844, 51.9298, 174.347
281.532, 57.2722, 153.669
299.649, 59.0643, 124.288
306.32, 56.5931, 96.2083
308.382, 57.4659, 86.3548
311.337, 59.1209, 77.6834
311.462, 55.9064, 66.7057
311.294, 55.9211, 55.4825
310.734, 52.4052, 41.6902
303.339, 44.4822, 23.9955
297.076, 39.883, 5.18518
285.191, 30.183, -11.5827
272.175, 21.5808, -21.3167
261.559, 16.3353, -33.4113
238.521, 15.2424, -57.8759
214.62, 21.6374, -79.883
187.021, 24.3728, -97.2647
164.573, 26.561, -109.074
46.1988, 70.9941, -140.507
101.377, 83.4937, -141.52
161.517, 71.0432, -124.693
213.733, 69.2322, -99.8679
256.857, 73.8351, -71.0055
284.626, 68.4022, -35.8423
301.113, 66.2894, -4.18789
310.357, 65.0443, 27.0515
311.979, 63.0447, 52.4807
309.123, 65.2632, 85.4581
296.272, 65.5336, 125.475
257.838, 62.7806, 177.4
221.209, 49.2008, 201.754
203.811, 34.2954, 208.866
180.872, 28.1456, 219.808
162.12, 24.4105, 225.844
139.596, 17.8457, 230.711
102.962, 12.6391, 237.955
59.5737, 5.05565, 238.181
35.0877, 7.95322, 241.287
8.18713, 9.01717, 239.842
-24.9387, 13.8087, 236.069
-54.7821, 17.7702, 227.957
-87.7583, 38.4795, 223.704
-109.413, 45.5008, 215.733
-49.3114, -23.505, -77.6457
-46.1045, -20.9772, -80.9659
-37.7665, -21.2413, -86.0592
-12.1109, -23.5805, -91.794
52.3297, -29.5416, -99.1511
99.8679, -43.1617, -86.9647
131.296, -41.0866, -82.3241
172.398, -33.8402, -71.7349
219.883, -16.4875, -55.348
250.104, -2.67874, -36.9364
266.969, 11.2432, -29.1266
278.136, 25.0519, -20.5622
299.571, 51.0331, 1.79337
313.414, 74.269, 33.0409
319.26, 89.6812, 55.499
319.562, 97.1137, 74.6652
312.733, 92.5486, 99.9811
301.339, 86.512, 126.542
284.639, 91.501, 157.037
256.669, 94.435, 188.455
225.542, 92.6995, 212.186
188.795, 101.264, 234.824
147.142, 100.321, 251.424
107.992, 99.7271, 260.897
70.5044, 75.2193, 262.975
48.9342, 57.3854, 258.781
13.8087, 63.4597, 259.611
-41.7154, 63.6257, 247.992
-83.7955, 65.2707, 233.994
243.388, 103.943, -94.1709
239.728, 126.014, -101.226
207.131, 149.594, -120.958
144.011, 159.781, -143.445
89.8246, 158.012, -152.203
60.366, 155.48, -153.292
35.4776, 164.444, -151.93
16.4875, 176.269, -150.274
-17.4269, 182.066, -145.536
-40.4452, 193.473, -138.276
-71.1564, 202.679, -125.561
-94.0955, 201.66, -115.148
-126.082, 197.934, -97.076
-152.085, 198.038, -76.3252
-168.497, 197.472, -60.0641
-180.78, 203.899, -44.5614
-194.492, 203.848, -25.1651
-206.901, 200.585, -4.21053
-209.659, 197.133, 3.13148
-212.564, 188.644, 5.84795
-216.865, 185.21, 17.5439
-215.997, 189.096, 14.7897
-210.058, 188.889, 0.116959
-207.395, 191.209, -7.58347
-202.339, 192.047, -16.4522
-187.21, 198.227, -37.6155
-154.575, 206.64, -72.0241
-93.2654, 231.239, -109.338
-30.9753, 243.048, -132.843
273.567, 74.8538, 170.487
282.965, 86.5874, 163.29
289.266, 105.565, 162.988
297.001, 111.903, 151.368
306.885, 118.28, 135.408
315.752, 126.278, 118.43
323.297, 122.052, 94.2086
325.486, 116.204, 71.1564
325.561, 103.98, 56.8572
321.977, 95.4537, 47.9909
317.751, 88.172, 34.4086
313.903, 84.9274, 13.356
310.838, 86.4327, -1.79337
302.485, 74.4518, -11.8421
297.151, 64.6293, -15.3179
290.511, 56.1026, -19.9962
281.442, 53.7232, -33.4893
264.365, 56.1026, -52.4807
258.713, 58.5185, -62.5341
243.954, 45.0481, -68.4022
214.337, 25.7687, -78.9662
204.226, 26.6742, -85.4556
79.4932, 62.0273, -131.423
116.28, 50.8583, -124.693
154.815, 52.1637, -115.322
180.796, 58.4418, -106.395
206.716, 55.2726, -93.2277
231.39, 51.5752, -72.4014
254.254, 41.7657, -46.6704
271.685, 44.5199, -24.9387
283.38, 45.3122, -7.16846
286.667, 39.2203, 8.73294
289.73, 38.4503, 24.6711
292.359, 33.9571, 41.2086
283.72, 18.638, 58.555
274.854, 6.0366, 71.1941
265.341, -2.10526, 93.7622
260.14, -7.16846, 103.905
249.953, -9.50764, 120.091
242.709, -12.9032, 130.353
239.087, -14.5633, 135.069
237.163, -11.8468, 141.785
231.696, -11.501, 150.526
230.447, -4.45199, 157.631
232.899, 7.20619, 164.497
240.898, 23.7691, 166.384
241.598, 28.3821, 169.552
16.2573, 125.38, -138.791
24.75, 135.069, -139.106
45.0682, 132.749, -139.805
43.6899, 132.466, -139.785
48.0664, 132.956, -140.162
58.0645, 140.426, -141.143
76.1366, 143.445, -140.728
108.621, 142.162, -137.898
118.242, 139.785, -137.597
96.9628, 123.297, -138.2
59.4605, 112.733, -138.54
32.1248, 108.382, -136.647
19.6189, 112.62, -135.371
17.1666, 113.978, -135.522
22.729, 125.887, -137.505
19.5541, 131.615, -137.463
17.2798, 117.223, -135.559
10.2245, 100.132, -131.711
5.62158, 99.2266, -130.164
12.4128, 110.13, -132.843
34.069, 130.73, -138.049
45.1462, 132.671, -140.39
54.9708, 129.108, -140.615
60.5923, 126.203, -140.313
63.4975, 129.108, -140.049
70.9162, 130.565, -139.649
111.618, 181.91, -137.778
112.356, 182.456, -138.729
111.602, 183.362, -138.276
112.205, 183.362, -135.974
112.884, 186.154, -137.031
111.79, 186.04, -137.106
108.508, 189.625, -138.314
88.8889, 189.398, -139.709
83.4182, 189.172, -139.106
85.6065, 185.663, -141.068
83.5691, 184.644, -140.653
86.512, 186.003, -140.955
91.0017, 184.569, -139.332
99.6416, 182.683, -139.37
102.849, 180.457, -139.068
96.2083, 179.174, -139.257
95.3405, 177.438, -139.068
106.395, 171.628, -138.993
109.376, 173.439, -136.653
109.942, 178.324, -138.168
113.035, 183.626, -138.955
113.411, 183.548, -136.179
114.28, 184.116, -137.182
113.375, 181.022, -137.823
109.753, 178.004, -136.804
316.77, 118.732, 61.4601
309.24, 104.522, 93.8012
309.602, 97.6042, 116.204
292.398, 89.2662, 130.202
271.496, 77.0421, 156.159
247.689, 63.1956, 175.363
214.676, 48.6701, 197.434
172.684, 27.957, 212.715
153.443, 12.6014, 212.564
137.295, 1.09413, 213.205
111.488, -7.47029, 216.035
92.7095, -17.7778, 212.32
81.9468, -24.2596, 211.092
61.6374, -29.5517, 207.524
54.4956, -30.3363, 208.077
52.0078, -28.499, 209.708
55.0085, -23.9577, 211.771
69.8736, -30.0698, 205.961
112.96, -36.2573, 193.812
148.84, -39.0115, 178.155
173.567, -45.2632, 157.7
186.908, -52.8957, 137.748
209.847, -48.1796, 119.336
227.919, -42.558, 96.246
239.064, -35.2826, 75.6725
191.247, -69.7604, 22.9391
183.938, -76.7251, 42.0663
177.287, -84.0973, 63.3465
158.324, -90.2534, 83.3918
135.446, -95.9442, 93.8691
124.392, -98.887, 101.038
117.374, -100.17, 103.943
110.092, -102.056, 103.339
100.208, -103.264, 98.4343
93.3786, -103.565, 99.5661
98.4016, -104.444, 98.4405
116.733, -99.9057, 90.964
108.696, -104.999, 73.9106
106.206, -107.074, 60.1396
109.979, -105.716, 47.3496
119.261, -101.868, 34.7482
146.576, -95.5291, 39.6906
135.107, -97.7929, 28.7493
131.56, -98.6606, 22.5995
132.503, -101.151, 25.8442
127.863, -102.056, 29.9943
118.883, -106.093, 25.8442
103.037, -105.678, 18.3739
92.1713, -107.489, 14.8651
77.4948, -108.432, 7.99849
73.0428, -104.169, -0.0754575
70.93, -106.659, 4.75382
21.6186, 7.65893, -101.151
11.5827, 13.9219, -102.962
-4.11243, 8.30032, -96.661
-18.0721, 6.11205, -91.2658
-30.6823, 11.6959, -92.2417
-34.22, 14.601, -92.5863
-34.9368, 17.7325, -94.6614
-35.7291, 17.8834, -95.5291
-39.5397, 10.6018, -90.4735
-42.4825, 12.1864, -89.153
-42.7089, 12.2996, -89.153
-42.7844, 15.0915, -89.9076
-43.3503, 15.0538, -91.1526
-40.1811, 16.1102, -92.9636
-35.0877, 23.1969, -96.0624
-31.7299, 21.9204, -97.9438
-27.542, 20.2981, -96.8496
-9.69628, 17.3929, -102.471
23.5805, 10.3754, -104.584
37.0496, 13.771, -106.433
42.4071, 13.6578, -107.225
48.0664, 7.99849, -105.716
67.7608, 4.71609, -102.849
92.0581, -1.43369, -97.2647
113.941, -0.226372, -95.0009
132.616, 0.679117, -91.5299
146.35, 1.54688, -87.5307
229.089, -22.2977, 132.315
230.183, -23.1654, 133.032
230.523, -23.3164, 128.73
237.115, -25.731, 118.48
240.407, -28.2588, 97.491
245.652, -26.8629, 75.0802
246.218, -29.768, 53.3484
240.898, -29.6925, 34.4841
234.295, -32.6353, 16.4875
225.241, -33.2767, 0.150915
211.96, -35.5782, -17.657
186.644, -47.84, -29.6925
159.366, -57.6118, -38.2569
138.351, -56.6686, -48.2173
132.277, -56.7063, -51.6129
128.278, -57.9513, -50.2924
124.882, -58.97, -50.066
115.789, -60.8942, -46.5573
112.318, -67.1571, -40.5207
107.527, -68.2513, -37.8419
105.452, -72.1751, -32.5976
100.396, -73.6842, -31.0885
85.0292, -73.7622, -30.4094
71.6091, -72.0619, -35.5782
72.4756, -67.9142, -40.039
257.197, -9.319, 17.2043
265.648, -0.830032, 24.8255
272.671, 5.4191, 29.5906
274.342, 9.72222, 38.5965
274.137, 5.16884, 49.9528
275.945, 4.83431, 55.0097
273.345, 1.81098, 59.5359
271.722, 0.113186, 59.2718
270.59, -1.54688, 60.1396
271.911, -1.81098, 58.6682
274.929, 3.84833, 52.5561
275.4, 5.92593, 44.9123
273.76, 5.88568, 34.9368
271.618, 5.76998, 22.4951
264.693, 8.29678, 3.07018
257.65, 15.6574, -17.2798
251.613, 18.9021, -29.1266
242.671, 16.1856, -36.8987
223.203, 5.58385, -48.1419
202.264, -7.31937, -53.2352
186.946, -19.8453, -54.8953
173.326, -29.8434, -51.3111
162.027, -42.4172, -44.3275
147.029, -54.5935, -39.2756
130.214, -61.1696, -38.1287
108.206, -72.8542, -31.3526
92.4731, -77.4948, -28.1834
79.4944, -89.1153, -14.5256
70.93, -95.1519, 1.24505
-149.006, -13.0994, 57.3879
-132.352, -23.8446, 28.7493
-127.259, -22.109, 8.79079
-116.506, -20.5999, -12.2996
-104.169, -13.5823, -31.9185
-72.7033, -11.1677, -59.6869
-44.1803, -15.1669, -71.5714
-12.1109, -21.1281, -78.853
5.92341, -25.4669, -80.4377
28.4475, -28.5984, -82.7391
48.9719, -37.6155, -79.004
67.6099, -46.2931, -68.9681
84.6633, -55.7253, -60.9319
98.9247, -52.0656, -62.1015
109.527, -57.2722, -53.1598
119.676, -60.781, -48.255
115.867, -61.5595, -49.7856
106.621, -66.1385, -46.8214
102.811, -65.0443, -50.2169
105.536, -61.2086, -54.0741
103.641, -49.4246, -66.1007
103.339, -37.0873, -79.7208
116.657, -23.8446, -86.4365
124.769, -7.54575, -97.5665
112.054, -18.5625, -93.7559
98.887, -19.1662, -96.0951
88.2098, -16.8647, -99.3775
-110.658, -17.0157, 115.035
-103.226, -17.2798, 119.562
-103.188, -18.638, 118.883
-100.312, -18.1287, 122.573
-98.2456, -19.481, 123.173
-97.8683, -21.9958, 120.43
-93.1522, -24.2973, 120.128
-90.0962, -24.0709, 120.091
-95.3028, -22.1845, 114.846
-96.8496, -21.2035, 112.884
-96.661, -23.8068, 114.846
-99.9811, -25.5801, 115.639
-101.131, -25.0682, 113.333
-104.848, -24.1841, 111.602
-110.604, -23.8986, 104.444
-118.275, -21.7471, 100.037
-122.996, -20.5244, 94.5859
-128.542, -20.4867, 87.1156
-131.9, -21.5808, 75.1179
-133.748, -21.5808, 63.2334
-132.956, -23.5427, 53.5748
-134.956, -22.9391, 43.2749
-130.994, -25.1852, 33.8012
-128.844, -25.0519, 21.0526
-122.656, -24.5614, 10.1113
-116.218, -26.0819, 0.311891
-111.602, -27.4665, -8.75307
73.8351, -45.7649, -75.6461
73.6465, -45.2745, -76.5893
70.7992, -46.1988, -74.7368
65.8366, -45.9913, -75.0802
56.6308, -43.0485, -76.778
45.0104, -42.6335, -77.2684
20.6376, -38.4456, -79.0794
-5.50839, -23.9577, -82.8523
-29.3152, -13.4314, -83.3428
-51.8393, -5.84795, -79.9849
-71.1941, 6.0366, -77.4948
-87.4929, 16.3365, -73.8728
-101.17, 24.1326, -69.2008
-118.166, 28.9002, -59.3096
-134.465, 28.1079, -44.1426
-147.096, 36.1403, -35.0487
-155.178, 40.7848, -26.5233
-162.913, 43.8408, -20.6376
-168.685, 46.029, -13.0164
-171.213, 49.3114, -9.16808
-179.136, 55.1971, 0.264101
-184.758, 57.725, 12.4882
-191.072, 60.1559, 24.9903
-195.661, 67.6476, 35.5782
-199.208, 71.6091, 45.1236
-201.773, 72.8164, 56.8572
-203.821, 72.1248, 69.7466
-200.264, 202.188, -10.564
-179.664, 198.378, -45.199
-147.255, 193.624, -80.664
-86.7006, 192.039, -118.77
-47.8023, 191.096, -134.654
-22.4486, 187.134, -142.652
-4.56518, 184.38, -146.84
15.2827, 182.963, -150.76
37.1628, 181.173, -152.235
52.0279, 173.326, -152.235
65.1198, 165.44, -153.518
76.4132, 152.632, -153.294
85.0406, 143.596, -152.952
90.2849, 151.971, -152.122
103.452, 162.875, -150.802
122.354, 166.95, -149.104
144.765, 169.176, -144.803
163.236, 166.121, -139.415
179.098, 165.478, -134.767
198.363, 166.511, -126.823
207.895, 158.845, -123.136
209.864, 157.934, -121.053
211.96, 153.367, -120.015
215.469, 150.953, -116.959
225.429, 146.802, -111.866
-187.399, 245.727, -16.2988
-191.813, 247.727, -5.69704
-195.699, 250.066, 3.20694
-198.114, 251.16, 12.941
-200.377, 253.311, 25.0519
-204.075, 253.047, 35.0123
-206.414, 253.99, 45.614
-206.565, 253.122, 53.5371
-205.772, 254.631, 64.8557
-203.622, 258.555, 74.0992
-201.962, 260.064, 88.6625
-199.849, 258.102, 96.7742
-199.132, 258.404, 102.207
-197.321, 256.895, 111.375
-194.492, 253.914, 120.581
-190.53, 250.368, 130.315
-187.251, 248.265, 139.493
-184.644, 249.425, 144.765
-181.475, 247.689, 148.878
-183.513, 245.237, 147.557
-190.756, 246.821, 135.333
-199.321, 251.311, 109.828
-204.829, 254.254, 74.7783
-196.303, 267.912, 31.0885
-171.779, 280.815, -15.8838
-152.32, 283.236, -43.8207
295.303, 232.56, -35.2009
303.565, 230.787, -20.7885
310.394, 227.844, -6.64026
315.261, 225.542, 6.18751
314.431, 226.636, 7.77212
313.489, 227.134, 9.86355
312.658, 225.316, 5.99887
310.545, 218.034, -9.28127
291.267, 218.674, -45.2242
266.403, 220.751, -74.2879
239.337, 225.263, -96.6082
211.809, 232.447, -112.696
180.645, 238.068, -124.693
150.123, 240.445, -134.088
114.922, 244.633, -141.219
70.1, 249.84, -144.576
23.8596, 246.082, -142.378
-13.9974, 245.652, -136.653
-46.1422, 253.688, -126.127
-73.3824, 270.1, -110.583
-119.11, 255.461, -86.2101
-156.65, 248.481, -59.6869
-175.401, 246.821, -36.5214
-186.116, 250.896, -17.0157
-191.926, 259.875, 1.01868
156.499, 333.107, -91.9826
130.013, 344.916, -91.5676
120.053, 351.254, -89.0775
119.713, 353.443, -86.8138
119.025, 369.98, -72.1248
131.636, 393.662, -39.6906
155.517, 397.7, -12.8655
183.211, 389.625, 1.43369
199.844, 384.912, 18.9474
209.47, 380.758, 30.2962
216.789, 377.363, 45.1613
216.865, 377.4, 60.7055
214.375, 377.853, 72.2882
201.131, 382.261, 81.0526
211.922, 378.721, 70.3641
215.556, 378.518, 51.8129
219.166, 376.118, 48.2928
226.511, 370.682, 47.4074
227.844, 369.402, 39.7284
224.99, 370.76, 36.1014
218.638, 374.269, 20.6753
216.337, 373.288, 9.16808
213.205, 374.458, 2.4901
209.394, 373.665, -6.75344
202.261, 373.138, -18.7914
188.078, 374.458, -30.4848
-122.105, 364.211, 93.9961
-123.136, 367.654, 68.6038
-121.481, 370.214, 48.7719
-117.148, 372.005, 35.5782
-106.47, 378.004, 27.8815
-100.698, 380.192, 14.2615
-95.1519, 380.645, 4.15016
-92.6618, 378.872, -1.96189
-89.1907, 377.325, -8.03622
-82.2864, 377.174, -16.8647
-76.4384, 376.118, -26.2215
-64.2495, 373.684, -37.8168
-45.5386, 377.514, -47.84
-21.3922, 380.268, -55.5367
3.20694, 383.739, -61.4601
26.0819, 388.616, -60.078
52.0279, 391.511, -57.6118
73.7219, 389.549, -59.7623
90.2849, 389.964, -58.8568
108.546, 393.397, -48.1041
120.921, 401.849, -31.843
133.528, 406.355, -15.6725
150.349, 404.754, -0.867761
173.137, 400.151, 17.2798
191.096, 394.416, 29.9189
199.181, 388.538, 43.7427
-22.2222, 398.793, -29.6548
-25.3411, 397.544, -28.1871
-24.335, 402.113, -23.8446
-21.6374, 401.91, -26.7057
-24.5991, 399.623, -27.3911
-23.3918, 399.025, -26.4327
-22.9013, 400.792, -24.1087
-32.0694, 402.716, -15.4311
-31.3148, 406.376, -7.093
-33.3899, 411.47, 5.69704
-38.3324, 412.111, 9.20581
-42.0663, 403.899, -3.19688
-38.8983, 400.868, -13.1673
-32.2027, 399.649, -22.4951
-30.183, 393.624, -32.5976
-24.7173, 391.774, -39.5322
-16.6761, 394.19, -40.2188
-13.9596, 392.492, -42.3694
-12.0732, 391.021, -46.2931
-9.5831, 389.964, -47.2741
-7.54575, 388.229, -48.0664
-11.6179, 387.836, -47.9922
-14.0728, 386.795, -50.7451
-9.27875, 383.158, -51.2671
-7.96076, 384.758, -54.2162
-11.2432, 381.324, -58.0268
193.662, 385.399, 82.7014
188.148, 383.392, 98.4405
178.57, 381.06, 116.884
162.799, 376.948, 135.974
143.067, 380.419, 144.124
143.03, 386.191, 136.503
160.196, 394.869, 108.621
167.602, 400.858, 64.8343
166.74, 401.718, 31.6886
162.261, 400.117, 14.7368
154.235, 400.49, 4.37653
138.804, 403.547, -6.45161
128.73, 402.716, -15.7329
126.238, 399.688, -26.3158
127.523, 394.982, -32.0317
116.204, 395.435, -35.1632
108.621, 396.793, -40.0679
85.7197, 393.36, -49.236
62.3392, 389.396, -55.9454
50.7829, 384.72, -60.7055
31.9185, 382.456, -61.1583
29.0889, 383.814, -59.9132
36.6472, 385.185, -59.7271
39.6152, 382.418, -63.0447
29.6171, 382.418, -63.5352
14.8274, 383.324, -58.7436
62.3392, 314.62, -114.035
102.396, 298.585, -118.657
139.688, 293.294, -115.244
175.475, 292.946, -103.545
225.692, 286.901, -76.2573
264.705, 296.133, -30.1453
259.8, 326.957, 7.65893
234.56, 362.686, 46.8591
210.451, 379.476, 68.6286
203.275, 383.041, 79.6101
205.622, 381.287, 85.1537
208.499, 374.035, 95.8285
211.319, 374.759, 86.7006
207.485, 374.854, 93.9571
205.994, 375.402, 97.6243
205.433, 379.023, 87.9834
191.285, 392.53, 66.893
161.064, 407.81, 48.7078
110.394, 421.128, 22.2222
43.4308, 418.752, -0.740741
-29.2775, 398.227, -13.9974
-76.0624, 378.246, -15.7895
-114.733, 345.52, -21.8827
-159.555, 278.363, -30.3716
-190.448, 211.852, -19.1813
282.475, 303.49, 65.7612
279.494, 307.338, 71.6846
274.659, 306.589, 89.2008
260.743, 325.146, 94.6614
246.595, 334.729, 103.452
225.693, 344.35, 122.241
191.775, 356.008, 141.332
170.136, 363.47, 148.694
169.062, 361.479, 152.386
168.889, 355.049, 159.571
170.194, 348.84, 164.761
168.119, 341.105, 172.42
167.251, 341.256, 172.043
178.947, 336.276, 171.213
215.507, 316.355, 162.309
260.706, 298.095, 128.391
292.209, 275.646, 89.3416
298.472, 273.722, 44.1049
282.261, 294.074, 9.74659
273.646, 313.224, 25.5046
247.84, 346.086, 30.6735
222.573, 365.809, 12.9435
239.351, 352.99, 28.6361
287.229, 294.737, 59.5737
303.226, 266.478, 58.8568
162.46, 362.95, -63.5729
167.402, 359.668, -60.7055
160.913, 361.554, -62.7806
117.638, 378.721, -60.9319
72.4769, 389.662, -58.8191
44.6004, 391.384, -58.0897
28.7116, 387.21, -59.7246
3.78168, 378.791, -63.5478
-27.6929, 366.233, -64.2898
-55.8385, 352.198, -63.0447
-85.8869, 336.53, -59.6881
-101.113, 324.543, -58.14
-92.7372, 332.767, -59.8
-96.9628, 325.863, -61.1205
-123.675, 294.095, -63.3843
-142.183, 265.185, -63.1579
-150.764, 250.217, -61.9883
-155.556, 223.626, -63.7817
-151.028, 200.264, -74.0238
-150.136, 184.133, -76.1793
-158.37, 178.07, -71.2719
-170.383, 165.252, -57.4609
-173.892, 154.235, -53.1975
-175.476, 149.481, -52.4052
-178.155, 147.104, -48.1041
-174.542, 138.635, -52.7875
-170.496, 128.315, -53.8012
-150.76, 111.189, -70.7992
298.623, 139.445, -33.8804
302.698, 175.816, -28.0324
302.622, 204.829, -20.6753
295.944, 231.692, -18.4493
278.287, 281.683, -8.71534
243.587, 333.684, 2.65107
189.738, 380.532, 18.8266
116.335, 411.54, 28.0312
77.1175, 419.053, 29.4284
56.4522, 419.883, 29.0448
32.1449, 417.204, 29.353
1.84871, 412.186, 21.8827
-31.8808, 401.094, 10.6772
-60.9357, 386.004, 4.75633
-82.8216, 369.7, -3.32602
-108.46, 351.618, 8.14815
-125.335, 330.692, -10.6772
-147.134, 309.201, -2.72904
-160.724, 290.7, -2.11281
-177.115, 262.69, 1.63743
-190.492, 233.843, 5.99887
-198.566, 210.3, 11.5073
-201.547, 193.85, 13.0164
-205.131, 176.118, 20.9017
-208.031, 144.405, 34.6199
-204.605, 105.263, 41.0819
-183.022, 84.0219, -9.50764
-198.227, 120.392, -2.26372
-202.716, 176.42, 3.39559
-197.284, 228.183, 9.8472
-179.589, 282.588, 24.1841
-152.198, 329.108, 41.9166
-113.073, 367.817, 51.1224
-61.7154, 398.48, 58.8304
-5.13111, 415.318, 75.797
55.2047, 419.22, 92.3197
119.883, 407.091, 99.8172
177.622, 388.811, 91.6179
230.598, 357.857, 70.9677
271.76, 315.978, 40.1056
294.02, 273.986, 16.6006
304.622, 236.408, 1.0564
309.413, 181.211, -12.7523
297.856, 109.396, -29.5127
263.875, 37.691, -37.9174
220.468, -16.1014, -39.1033
170.458, -51.9525, -39.1247
109.753, -73.6087, -37.1628
44.7563, -78.4795, -36.6862
-17.0911, -72.2882, -30.2207
-74.2124, -52.0279, -21.1658
-111.79, -37.1251, -5.05565
-63.1202, 393.36, -6.11205
-25.3411, 407.758, -10.0585
8.56442, 413.356, -20.9394
31.501, 415.439, -19.2203
47.6608, 413.56, -24.8538
58.5927, 410.111, -33.9181
61.2337, 407.621, -38.0683
56.8421, 398.791, -48.1092
85.1537, 385.889, -64.7802
116.062, 359.61, -84.3275
121.713, 334.126, -101.49
118.363, 320.819, -110.487
122.279, 310.847, -114.959
126.542, 293.53, -121.185
135.244, 278.48, -126.277
142.617, 260.27, -130.227
141.596, 248.217, -133.371
148.382, 235.127, -134.62
149.368, 224.184, -135.635
150.526, 215.322, -137.349
152.311, 212.375, -138.049
142.495, 222.183, -138.246
131.598, 224.901, -139.898
123.335, 231.881, -139.559
123.222, 240.219, -139.106
113.138, 237.739, -141.598
105.263, 230.884, -142.215
99.1423, 216.335, -147.096
96.1328, 194.454, -149.217
31.1262, -64.818, -51.3865
38.8229, -67.0817, -51.6506
34.3331, -71.76, -44.8972
20.6753, -79.1171, -32.8617
11.384, -85.8869, -20.4289
0.226372, -91.8317, -5.73477
-18.7889, -92.8127, 7.20619
-31.9298, -94.191, 16.2183
-42.6335, -92.6618, 23.92
-56.2913, -89.9453, 30.9753
-75.4952, -81.4563, 37.6155
-91.1903, -75.4197, 42.1807
-103.754, -67.7608, 44.1049
-113.879, -59.3762, 47.7973
-126.278, -48.5946, 48.7832
-135.906, -41.4035, 51.8908
-156.687, -19.468, 63.1956
-188.002, 30.8621, 80.7772
-209.734, 84.0219, 95.3782
-216.487, 123.222, 98.3211
-219.128, 160.8, 96.5101
-212.903, 205.81, 100.623
-194.227, 262.366, 106.546
-174.23, 298.363, 104.873
-161.139, 318.619, 104.886
-149.747, 333.372, 96.4522
-138.993, 350.387, 89.8321
-124.316, 362.271, 80.9281
-112.356, 372.345, 74.5897
-104.433, 381.022, 70.515
272.749, 119.532, -73.5283
267.346, 109.753, -75.9102
263.509, 104.873, -78.2066
249.689, 87.9079, -84.3237
250.368, 81.7582, -81.4186
252.047, 73.4113, -77.154
243.539, 53.3107, -75.0802
242.822, 52.9334, -75.1556
225.731, 48.2173, -85.7574
220.713, 48.5946, -89.2662
219.025, 41.1696, -87.4074
227.127, 52.3675, -86.4365
246.784, 84.7563, -85.2242
260.592, 139.068, -84.3614
263.573, 179.098, -83.8332
260.936, 206.589, -82.3782
249.764, 242.218, -82.8523
227.731, 299.679, -71.6469
190.341, 350.198, -57.9513
161.743, 376.382, -45.7649
115.634, 399.727, -33.0994
68.8549, 411.847, -25.1651
30.6823, 409.396, -27.2515
-16.9402, 394.831, -33.9559
-53.4616, 372.647, -43.7276
-76.4522, 351.189, -51.6959
-87.0024, 340.917, -57.9136
-7.16846, -66.9685, -48.2173
6.0039, -72.5926, -45.4971
-0.60366, -60.7433, -58.7059
2.98057, -54.2162, -65.6857
-2.72904, -43.6647, -73.1774
-14.186, -41.162, -69.4209
-22.3731, -23.4673, -83.1541
-23.09, 31.3526, -111.639
-20.7885, 95.7932, -132.805
-19.1285, 120.619, -136.503
-17.9966, 137.521, -138.427
3.32013, 159.819, -144.652
23.4698, 171.813, -147.563
50.481, 177.136, -148.651
67.9872, 156.687, -149.368
72.5926, 103.509, -144.561
97.8306, 35.8046, -122.505
101.0, -14.5633, -99.302
77.8344, -39.9925, -84.0973
63.6861, -41.5016, -79.9094
5.62158, -35.05, -79.1926
-68.9279, -29.0448, -56.5302
-108.659, -11.6582, -43.1617
-155.127, -4.40546, 12.4366
-167.591, 1.54688, 42.973
-153.254, 3.0183, -0.980947
-103.704, -17.5049, -37.6608
17.7325, 173.892, -147.255
22.807, 261.287, -134.035
43.9917, 307.225, -118.77
33.3145, 349.179, -91.7563
41.9883, 375.595, -68.8109
42.5439, 391.009, -49.0497
33.5786, 389.36, -50.8583
32.1071, 367.365, -75.5706
38.4456, 322.241, -107.565
45.4631, 256.442, -136.955
46.0819, 169.708, -149.435
65.6857, 62.5165, -133.975
74.6274, -16.7516, -97.6042
71.462, -57.037, -69.0448
64.9689, -71.76, -52.8579
59.3473, -66.1385, -60.2151
50.2547, -60.4792, -62.9692
10.6018, -34.22, -82.2486
-28.372, -21.9958, -79.4944
-45.199, -44.9726, -53.4616
-59.3096, -41.9166, -49.1983
-83.5088, -14.0741, -58.3236
-108.281, 51.0847, -81.5318
-113.224, 93.9068, -93.8691
-130.013, 118.619, -85.8706
16.8647, -60.9696, -58.555
27.8815, -59.9132, -62.0638
42.768, -59.8051, -62.924
87.3538, -74.3787, -48.0263
127.29, -83.0019, -24.2105
161.63, -88.0589, 9.5831
187.602, -86.1209, 53.9961
194.227, -78.8908, 93.6427
204.405, -65.8479, 115.205
214.111, -59.3096, 118.242
221.317, -53.0843, 114.016
220.939, -55.8762, 108.696
225.241, -58.6682, 94.435
233.996, -50.5263, 93.0604
242.181, -41.5771, 98.6606
243.938, -39.6491, 102.729
249.085, -32.6731, 100.623
245.263, -36.8421, 98.7914
242.596, -40.747, 93.0768
243.69, -42.7467, 81.645
244.633, -45.0104, 58.1022
245.086, -41.162, 34.8991
239.54, -40.0679, 16.8647
240.663, -32.7095, 4.36647
229.127, -18.9398, -30.5225
213.469, 1.99962, -65.0443
210.941, 23.0145, -80.3245
207.446, 28.616, -84.8343
202.905, 24.8255, -84.286
206.301, 11.8846, -73.8728
205.772, 3.09376, -70.515
241.275, 17.6948, -47.8023
300.351, 45.4971, 23.2359
313.601, 88.9266, 105.791
283.645, 95.5669, 161.894
235.54, 75.0802, 201.396
168.577, 89.7466, 242.612
114.695, 108.206, 261.309
73.9181, 124.522, 267.719
46.2931, 120.128, 268.591
40.078, 109.63, 266.199
30.0698, 107.866, 265.874
66.063, 89.0398, 262.366
137.144, 71.8732, 249.462
185.663, 55.2349, 227.806
223.807, 29.202, 193.209
265.573, 4.56518, 128.957
266.101, -22.9768, 74.1747
245.991, -41.6902, 30.8244
218.978, -38.9738, -21.7317
187.7, -5.05565, -77.4194
167.968, 49.9906, -113.186
140.39, 85.614, -132.865
114.547, 109.978, -142.654
72.0996, 126.089, -148.425
57.6118, 135.559, -149.104
27.3684, 137.895, -146.121
-12.6014, 124.014, -137.974
-41.6764, 96.4132, -125.653
-30.6735, 65.6857, -121.487
-19.7271, 28.8109, -110.136
17.7702, -4.75382, -101.264
78.3626, -22.2222, -93.4113
150.953, -28.2965, -73.0051
230.485, 15.8461, -57.9513
305.867, 106.244, -9.88493
320.128, 215.28, 34.7482
293.567, 289.908, 50.2169
-98.057, 9.24354, -64.8934
-38.2569, 9.54537, -93.7936
2.82965, 29.5039, -114.959
20.1094, 57.6872, -128.995
44.9349, 73.2692, -134.88
110.097, 70.7602, -131.267
188.304, 56.5176, -104.282
249.236, 44.4444, -57.574
304.018, 67.5722, 4.94246
310.696, 70.7036, 35.8423
276.061, 20.6376, 0.60366
173.892, -65.0443, -8.18713
47.7646, -98.2079, -3.09376
-21.7317, -89.4925, 3.09376
-49.3869, -68.3267, -15.3933
-43.1617, -32.5976, -58.3663
-40.3119, 31.54, -100.741
-32.5976, 89.1907, -124.392
-25.6933, 100.358, -127.599
-31.0885, 73.1937, -120.279
-38.7097, 21.4299, -96.9628
-10.7527, -55.1594, -47.5382
4.90474, -100.924, 21.1281
-51.306, -93.1384, 58.7524
-83.7354, -78.326, 71.9298
-95.9064, -69.8246, 76.4912
-98.057, -70.2886, 75.3443
-100.358, -66.9685, 75.1179
-94.1131, -72.7485, 70.7212
-91.6431, -73.5333, 64.2898
-88.7002, -75.9857, 51.0092
-79.1171, -74.1747, 25.0519
-70.7791, -64.818, -4.79155
-59.1423, -52.0468, -33.6062
-39.3511, -47.3496, -49.5756
7.24392, -59.6869, -52.7448
116.959, -68.7795, -37.8419
243.426, -27.127, 21.279
-159.259, 226.862, 180.819
-152.952, 232.598, 185.324
-168.157, 219.053, 175.439
-179.777, 200.943, 169.025
-163.441, 215.356, 182.532
-140.087, 250.934, 191.134
-160.46, 222.373, 181.324
-192.794, 142.992, 154.273
-183.513, 40.4075, 121.788
-176.296, 27.4854, 125.848
-190.266, 106.206, 151.33
-192.71, 190.058, 152.982
-185.173, 244.52, 139.559
-170.949, 291.681, 126.052
-153.933, 319.411, 119.902
-136.503, 342.35, 111.639
-85.8329, 387.172, 99.5284
-53.9521, 405.772, 89.5303
-42.4448, 410.036, 87.4929
-34.8928, 412.749, 84.6394
-51.3488, 406.263, 86.2479
-116.204, 362.724, 108.81
-153.745, 292.36, 151.896
-155.205, 193.762, 193.528
-140.461, 54.0205, 188.706
-103.641, -26.9006, 165.667
-78.2117, -61.7242, 146.802
-49.5378, -85.8706, 127.448
-17.8947, -102.378, 108.148
17.9966, -113.186, 95.4914
16.0624, -112.008, 104.405
11.9977, -112.469, 104.358
-20.039, -96.2573, 116.803
-120.807, 8.75307, 175.439
-164.444, 131.306, 188.421
-178.728, 198.246, 170.358
-182.537, 240.29, 148.982
-184.116, 267.874, 123.826
-182.651, 288.499, 99.4542
-173.213, 302.358, 98.8115
-130.448, 315.01, 153.801
38.0306, 361.705, 193.096
76.778, 358.649, 193.926
73.5283, 339.22, 209.591
77.4194, 283.909, 239.728
82.475, 191.7, 264.29
81.3054, 106.169, 265.799
66.8176, 37.0873, 252.405
37.7287, -27.4288, 220.147
-1.39596, -62.4033, 187.097
-38.9738, -70.1, 162.158
-65.0443, -22.26, 194.152
-85.8329, 97.7174, 235.503
-115.4, 220.468, 217.817
-149.481, 274.778, 169.213
-157.48, 300.924, 136.842
-158.596, 322.612, 105.107
-169.364, 314.28, 91.1526
-164.271, 309.338, 113.752
-123.411, 325.222, 156.612
-58.5173, 330.353, 195.699
4.90474, 313.45, 223.769
60.117, 257.076, 253.021
102.156, 171.784, 263.523
92.4366, 68.3431, 257.232
53.5371, -6.45161, 233.314
15.8838, -53.6125, 198.906
10.4131, -71.2696, 180.683
21.5808, -84.4369, 166.95
37.3137, -94.4727, 154.952
49.1228, -103.867, 139.445
77.9853, -96.8874, 149.217
92.1336, -79.834, 170.534
38.3626, -76.4522, 178.207
-23.7314, -80.4754, 155.556
-56.5176, -80.5886, 133.711
-75.5706, -77.4194, 119.147
-91.501, -69.6686, 112.203
-111.903, -58.555, 97.8306
-14.0351, -31.8808, -78.7399
-13.0541, -29.9189, -80.8149
-17.8457, -46.6327, -65.1952
4.45199, -77.2307, -39.1247
43.9917, -106.697, 6.71571
83.7955, -114.922, 77.0798
105.339, -84.8896, 158.498
82.2864, -44.6331, 208.64
47.1735, -77.271, 172.982
36.3328, -113.563, 39.9925
-4.30107, -72.4392, -40.2943
-40.3509, -39.6491, -60.2339
-57.0906, -37.0979, -54.9342
-35.9177, -82.8523, -4.03697
37.3137, -116.204, 87.1911
50.6697, -70.7036, 181.815
22.3354, 57.574, 251.915
-62.807, 221.949, 238.129
-152.839, 302.962, 134.427
-197.7, 245.419, 27.0175
-169.364, 102.434, -46.7836
-73.986, 9.01717, -80.7395
-29.4347, -23.9766, -80.6628
-28.8012, -31.5789, -75.1462
-44.0672, -31.6921, -68.6663
-29.202, -45.2745, -60.4792
27.0515, -64.1388, -58.4795
17.4307, -64.7802, -53.3862
-116.204, -29.9189, -5.09338
-150.613, -3.5465, 3.0183
-101.151, -26.2969, -30.7489
-26.0328, -47.5005, -60.9319
21.6563, -48.7832, -74.2501
57.4986, -45.9913, -80.664
85.0028, -44.4444, -81.0413
55.6121, -51.4997, -73.5333
-89.0775, -12.1487, -48.2173
-198.012, 97.5439, 7.87524
-142.086, 193.171, 205.471
-154.311, 186.38, 196.189
-152.198, 237.314, 186.267
-92.1336, 257.159, 217.506
-68.704, 188.342, 244.331
-127.992, 127.602, 216.452
-127.938, 213.431, 210.979
-94.9632, 242.935, 223.958
-56.1781, 165.478, 251.688
-93.9445, 63.9879, 221.656
-152.726, 35.6914, 165.667
-184.418, 38.3324, 111.979
-174.382, 74.0992, 152.839
-80.9281, 189.021, 240.936
-0.701754, 212.826, 260.039
83.9087, 228.183, 257.121
180.796, 212.865, 234.333
266.199, 190.292, 185.497
318.091, 176.193, 115.488
330.73, 155.895, 41.8789
316.016, 156.876, -11.9977
302.773, 158.989, -40.4829
282.4, 146.048, -64.667
265.224, 138.791, -81.1306
236.974, 124.429, -98.9625
199.811, 120.958, -120.355
169.63, 121.442, -131.891
151.066, 112.583, -136.465
156.725, 101.49, -132.918
187.021, 98.2833, -120.015
229.579, 104.395, -99.5284
294.209, 102.849, -36.2573
322.241, 94.5859, 68.4776
296.736, 81.8713, 137.408
232.359, 71.8908, 205.38
139.408, 104.584, 253.235
26.3724, 129.447, 265.535
-83.4182, 100.811, 238.596
94.347, 29.8635, 241.715
29.4661, 185.55, 267.082
-71.0809, 283.192, 211.96
-162.799, 297.189, 127.712
-191.662, 266.818, 33.5031
-180.381, 182.72, -41.6525
-72.9296, 63.9879, -104.509
110.394, 6.8289, -105.64
262.105, 43.2359, -47.7583
319.034, 109.715, 12.1109
328.967, 158.713, 60.0
323.524, 202.528, 79.1171
313.138, 246.784, 65.1072
265.607, 329.496, 34.174
152.198, 401.358, -2.67874
83.3428, 411.922, -18.6003
57.3099, 374.231, -71.8355
-17.8457, 287.87, -116.77
-138.578, 189.398, -79.7963
-206.376, 208.112, 27.957
-165.926, 316.647, 79.0253
-94.1709, 389.021, 57.6118
-29.9189, 415.28, 27.0515
-0.0389864, 417.349, 15.9064
-38.5234, 400.512, -3.10672
-167.478, 283.645, 2.82965
-214.299, 193.284, 27.4665
-189.172, 280.287, 42.3694
-184.531, 287.644, 44.9349
-206.037, 245.463, 58.7814
-212.904, 199.961, 84.7563
-217.167, 114.997, 57.1213
-213.489, 183.119, 36.2183
-156.386, 332.088, 37.6533
-192.53, 239.502, 26.8629
-128.429, -9.77174, -6.45161
29.9189, -85.6819, -31.9185
120.996, -43.388, -74.0615
201.358, -19.1662, -57.6118
252.008, -3.11891, -26.4717
228.334, -49.9528, 28.5984
176.344, -82.9277, 37.2005
51.0092, -97.076, -2.15054
-67.7193, -76.1404, 11.5789
-65.7989, -88.4361, 71.4582
-32.4467, -91.6808, 123.713
27.0565, -95.2047, 142.417
79.3058, -104.622, 124.505
165.176, -94.9632, 57.1968
221.015, -56.2158, 24.9387
275.156, 7.73439, 10.2999
311.224, 69.6472, 25.2028
311.501, 65.575, 53.6842
300.849, 38.6719, 59.7246
237.544, -45.8869, 77.193
141.181, -85.0783, 138.804
148.651, -62.6674, 166.535
164.12, -39.0115, 182.645
188.266, -29.1643, 179.023
204.226, -44.2935, 147.142
226.674, -54.4426, 97.491
232.515, -54.7368, 54.6979
247.88, -25.8041, 4.86111
227.641, -0.389864, -50.9552
190.077, 35.5782, -96.4346
169.513, 70.2144, -120.468
153.179, 87.9079, -128.164
135.031, 105.603, -136.993
122.09, 46.7082, -122.769
36.1819, -79.2303, -21.7695
-129.07, -23.6936, 114.884
-196.567, 173.967, 138.804
-152.125, 330.565, 79.1813
-74.4765, 390.153, 9.80947
-0.272904, 396.101, -39.8051
29.3567, 386.433, -60.039
6.97981, 377.514, -65.9875
-51.9525, 365.327, -56.8195
27.7683, 17.5816, -117.148
61.0451, -63.6484, -58.555
80.3622, -111.828, 65.1575
31.2771, -27.0515, 214.261
-31.9562, 87.4175, 254.254
-53.0466, 205.886, 246.935
-95.1519, 315.299, 186.493
-87.2125, 376.959, 118.791
-71.8355, 402.264, 59.5737
-49.0448, 410.448, 30.1364
-25.9574, 411.017, 5.73477
-13.3723, 407.407, -8.18713
1.02339, 405.263, -22.5512
9.88493, 405.056, -23.8823
9.50764, 405.018, -24.75
0.867761, 403.962, -20.7131
1.84871, 404.867, -17.242
2.02729, 403.86, -19.922
3.96152, 403.584, -21.5054
13.1774, 391.891, -41.4425
-10.2622, 363.931, -63.837
-60.5169, 313.752, -83.72
-121.676, 213.84, -84.5224
-164.035, 84.1374, -38.1944
-147.18, -5.54612, 16.827
-129.07, -38.8983, 65.3084
-131.56, -35.6914, 88.5493
-174.932, 22.0663, 73.3723
-201.094, 153.82, 9.43218
-130.331, 289.006, -45.77
-26.6742, 367.704, -54.8953
5.92593, 381.832, -50.5653
-29.9189, 364.875, -57.3099
-103.264, 292.586, -65.4971
-170.836, 172.647, -43.8785
-183.777, 92.8127, -12.2996
-178.117, 64.1388, -6.71571
-156.197, 12.5259, 6.18751
-55.8385, 228.598, -120.77
-39.3888, 292.209, -105.603
-16.8031, 339.805, -87.5633
-36.5969, 332.881, -85.946
-67.5633, 305.809, -91.54
-83.5691, 293.53, -89.8321
-89.0021, 290.549, -88.0589
-89.8321, 292.775, -87.6438
-87.2665, 289.983, -88.2852
-82.0223, 290.285, -91.6808
-78.6267, 292.699, -91.8695
-75.8725, 292.247, -94.7368
-71.0432, 291.304, -96.7742
-67.4464, 291.462, -97.4269
-64.0257, 292.662, -98.5474
-62.5542, 292.473, -99.9811
-61.3092, 293.152, -99.4529
-61.611, 293.039, -99.8679
-62.4788, 293.077, -98.8115
-38.9738, 332.956, -83.8332
7.20619, 382.72, -55.6876
14.6199, 392.827, -45.9649
-18.0556, 356.031, -74.8904
-46.2378, 305.536, -100.234
-62.5542, 262.516, -111.752
-74.6589, 189.318, -119.766
-58.0268, 29.4661, -92.8504
-34.1445, -41.6525, -60.2528
-52.6316, -50.1415, -41.2375
-54.103, -58.5927, -30.183
-66.6667, -42.7089, -42.2184
-132.827, 22.0663, -44.1715
-180.834, 76.8157, -17.3175
-84.1728, 218.449, -112.62
-84.4369, 227.316, -110.432
-59.883, 248.811, -116.491
-58.2532, 210.677, -124.807
-83.0409, 154.801, -116.846
-74.5142, 210.677, -116.242
-46.6704, 290.7, -104.094
-16.827, 335.031, -90.0585
-3.8106, 346.84, -87.6816
-18.8644, 302.999, -107.753
-53.8766, 239.653, -120.128
-43.5478, 289.708, -106.823
-19.6189, 350.274, -79.7208
-2.5731, 373.489, -61.9883
22.8259, 398.83, -34.9368
43.954, 409.96, -18.4116
59.6869, 413.771, -12.5259
86.8138, 413.733, -9.69628
112.62, 408.489, -6.07433
121.071, 406.753, -8.71534
125.712, 407.244, -6.3007
116.452, 402.066, -19.6881
67.3458, 383.814, -56.8195
-19.8453, 336.012, -86.4743
-85.4933, 288.285, -87.342
-126.667, 241.793, -77.7388
-163.194, 188.121, -57.4196
-174.873, 166.082, -48.406
-163.139, 174.684, -58.4041
-134.126, 210.602, -81.1922
-100.312, 256.218, -93.3333
-76.0234, 283.267, -96.4724
-37.8558, 303.236, -103.353
3.32013, 324.543, -103.264
24.3728, 333.635, -101.453
45.2745, 341.068, -99.1511
109.262, 350.613, -87.6816
188.983, 356.31, -44.5199
245.954, 349.481, 42.7844
250.179, 333.862, 100.358
256.14, 322.015, -21.9581
240.86, 332.692, -29.7302
233.277, 334.729, -35.3518
217.883, 337.333, -51.7638
183.938, 344.561, -69.2398
136.125, 354.952, -81.8713
86.8226, 362.144, -86.7057
60.5923, 359.291, -89.0398
32.8265, 354.854, -91.9298
22.0713, 350.575, -93.7936
-1.20732, 345.406, -92.0958
-41.6525, 334.88, -86.2856
-81.7204, 325.75, -72.4014
-90.2094, 329.674, -62.026
-55.1217, 355.669, -64.0634
49.0096, 368.119, -79.7208
179.023, 324.618, -83.9087
281.985, 246.52, -44.5199
325.071, 180.985, 33.2767
320.468, 130.466, 107.716
279.985, 120.656, 170.194
195.737, 159.97, 235.088
87.4175, 200.189, 262.705
2.53411, 253.996, 248.343
-84.6126, 297.441, 200.585
-157.544, 306.628, 122.144
-190.228, 279.872, 75.9857
-214.79, 219.091, 66.2894
-221.43, 148.689, 65.4971
-208.791, 72.0619, 60.8942
-188.304, 24.335, 83.4937
-174.797, 3.99925, 85.946
-194.077, 47.1609, 34.2577
-185.135, 109.677, -32.2958
-139.922, 150.682, -86.0819
-95.6506, 170.504, -116.374
-7.73439, 242.407, -136.842
-56.8195, 205.886, -128.202
-11.1891, 178.363, -143.392
51.8393, 131.183, -149.179
90.7602, 72.9825, -138.246
195.139, 59.2836, -104.203
293.021, 82.5731, -33.9571
321.298, 103.264, 63.8747
258.48, 78.6267, 184.192
171.439, 74.137, 236.446
45.614, 91.8317, 263.082
-59.0643, 116.374, 250.136
-147.859, 155.593, 203.509
-203.86, 214.815, 116.998
-189.851, 276.552, 31.0885
-134.815, 305.653, -42.729
-81.4693, 299.561, -88.633
-72.4392, 303.226, -91.5299
-159.215, 286.097, -20.9017
-197.057, 247.236, 103.377
-64.4784, 227.467, 232.107
124.483, 140.858, 257.388
223.241, 62.9315, 206.263
289.708, 63.2359, 134.776
324.807, 134.578, 31.2017
290.624, 212.488, -47.5759
214.893, 275.4, -92.2417
120.066, 313.962, -110.526
27.957, 316.204, -111.564
-44.5954, 309.338, -100.321
-85.6819, 297.868, -85.0406
-104.444, 265.77, -89.1618
-87.6816, 274.816, -97.6797
-65.1852, 292.203, -100.0
0.830032, 335.974, -97.4533
35.6536, 362.988, -82.4373
138.947, 413.918, 65.77
219.958, 373.062, 39.6529
251.033, 329.747, -10.6043
226.674, 303.565, -65.9121
166.799, 289.04, -108.81
85.9838, 291.266, -126.769
23.1579, 294.893, -122.924
-10.0512, 294.81, -117.142
-38.8694, 292.515, -111.891
-55.348, 288.021, -105.414
-70.4093, 287.212, -99.1813
-81.7959, 286.512, -94.3973
-91.5676, 285.569, -88.6248
-95.9454, 282.573, -88.7719
-81.079, 283.796, -96.6233
-45.9536, 285.493, -110.809
15.0538, 300.094, -121.6
130.617, 310.319, -110.432
263.309, 278.023, -48.7455
317.412, 227.882, 21.0149
315.205, 181.248, 113.177
244.331, 154.009, 203.094
105.075, 164.346, 259.498
-51.5374, 213.771, 244.859
-160.309, 229.315, 178.231
-198.151, 228.447, 123.826
-216.035, 200.792, 63.9125
-202.754, 134.163, -6.71571
-171.267, 92.3587, -45.9259
-164.007, 87.9079, -53.7257
-180.909, 155.103, -46.4818
-188.606, 205.018, -30.2207
-204.327, 239.298, 64.0546
-118.581, 268.855, 190.153
79.6453, 258.593, 244.822
231.579, 181.551, 207.734
304.659, 108.47, 125.825
304.395, 212.941, 128.542
226.825, 208.527, 211.998
132.39, 210.526, 251.387
4.18789, 202.716, 258.366
-127.523, 197.812, 210.338
-203.32, 205.622, 118.468
-199.025, 241.014, 15.3216
-150.16, 276.74, -44.6331
-107.301, 292.096, -78.9285
-129.938, 261.045, -72.326
-192.303, 173.288, -23.2409
-213.658, 101.981, 55.5744
-201.698, 83.3805, 121.6
-172.533, 90.6999, 174.156
-84.9274, 93.5672, 235.955
40.8967, 100.039, 264.483
201.358, 121.185, 226.599
284.912, 118.635, 143.197
322.467, 105.527, 53.9144
303.452, 130.202, -27.9947
234.446, 196.416, -99.8302
153.141, 259.649, -125.373
68.0626, 306.32, -118.242
-4.26335, 333.824, -97.1892
-42.1832, 337.115, -84.7953
-81.8336, 332.843, -67.459
-120.117, 320.78, -47.1345
-143.331, 299.34, -42.4825
-137.193, 286.745, -57.5439
-39.5774, 289.417, -109.036
168.232, 279.193, -110.092
299.566, 220.562, -27.1647
322.166, 139.86, 89.1907
253.688, 103.716, 194.869
149.632, 124.014, 251.122
10.2534, 149.474, 263.86
-31.5035, 278.551, -117.374
-98.5474, 306.697, -74.1747
-141.37, 309.602, -32.9372
-165.025, 300.547, -8.33805
-172.943, 298.557, 3.39181
-181.626, 291.304, 19.053
-195.166, 270.136, 34.4639
-203.886, 250.33, 38.5965
-205.433, 243.35, 24.9387
-178.57, 261.083, -18.7134
-122.694, 276.174, -71.4205
-21.0904, 277.457, -120.656
104.756, 284.133, -127.68
203.773, 263.875, -103.226
298.246, 210.097, -37.3099
325.486, 132.767, 37.6533
266.818, 31.2394, 142.992
126.316, -24.1464, 207.395
-8.18713, -4.37653, 224.637
-145.557, 68.7417, 184.758
-218.374, 154.688, 57.725
-177.853, 190.945, -48.7455
-147.104, 192.039, -81.4186
-94.191, 213.567, -112.71
-16.9779, 241.954, -136.163
76.9201, 256.296, -140.273
166.308, 237.917, -130.919
207.953, 214.074, -118.752
211.545, 165.855, -118.77
231.39, 133.786, -105.829
254.48, 130.013, -90.8508
258.932, 172.949, -90.2094
228.889, 239.376, -100.351
179.532, 268.056, -117.434
125.575, 259.571, -136.569
16.4875, 221.279, -145.105
66.9685, 116.921, -146.387
-26.0819, 172.632, -138.986
-67.7997, 234.503, -117.654
-98.8115, 285.908, -83.6823
-128.928, 329.902, -23.6257
-136.465, 355.933, 47.3118
-103.15, 376.042, 97.491
-52.9334, 386.531, 138.955
-22.8636, 375.174, 170.496
-1.52047, 359.688, 192.203
15.4688, 352.613, 201.245
3.31384, 347.953, 202.729
-41.728, 354.461, 181.324
-105.98, 363.365, 122.279
-150.009, 336.578, 27.6552
-134.314, 275.759, -61.7242
-68.7795, 187.134, -125.071
46.8968, 132.013, -148.198
153.631, 104.999, -135.22
247.68, 143.782, -95.4386
294.473, 215.205, -40.0302
302.495, 272.086, 29.8246
272.967, 315.563, 78.3626
221.732, 348.387, 120.77
158.008, 370.836, 148.048
105.603, 387.625, 152.311
73.571, 414.639, 112.771
69.9113, 427.806, 37.5401
112.356, 412.035, -6.45161
178.48, 379.571, -26.0039
204.15, 371.213, -16.2988
160.663, 401.17, -6.0039
139.257, 413.733, 10.1113
137.031, 412.073, -5.69704
130.214, 408.694, -13.9181
130.373, 400.439, -31.8713
118.506, 192.756, -146.425
40.0679, 268.1, -136.05
-10.9791, 336.05, -97.9815
-49.7265, 367.553, -54.5935
-89.4925, 383.626, 9.39445
-100.849, 383.06, 57.2722
-123.637, 367.478, 83.3428
-124.09, 356.801, 109.942
-115.261, 346.199, 140.766
-110.998, 333.899, 159.63
-100.585, 316.28, 184.078
-69.9491, 326.919, 192.567
-4.71609, 352.99, 195.586
6.22524, 348.953, 201.094
-7.6212, 329.259, 212.262
-28.6738, 314.356, 219.506
-65.809, 291.696, 217.739
-123.826, 304.961, 167.855
-133.918, 354.191, 82.5731
-49.9906, 406.489, 43.6521
114.581, 417.895, 77.9727
179.325, 354.801, 157.48
187.172, 270.1, 214.827
96.8119, 211.017, 259.838
-28.1079, 158.913, 259.725
-136.101, 111.774, 206.511
-191.959, 70.4678, 128.216
-194.581, 41.5984, 89.3957
-193.096, 35.6159, 66.7798
-202.612, 68.0312, 94.6199
-195.737, 120.317, 145.784
-184.607, 169.968, 163.818
-146.312, 221.166, 192.492
-24.4482, 294.322, 222.071
117.185, 327.07, 203.056
221.883, 345.482, 122.769
218.285, 375.867, 51.2281
-209.055, 106.923, 99.9811
-214.464, 186.355, 24.0546
-188.342, 162.045, -30.2207
-163.705, 78.438, -49.1605
-191.774, 56.4522, 34.8538
-159.517, 139.445, 188.945
12.0732, 256.329, 241.275
209.357, 237.232, 208.616
299.679, 250.519, 91.5676
252.292, 303.603, -33.5408
108.206, 303.15, -115.186
-13.8087, 213.469, -136.54
18.8304, 46.1209, -125.575
178.834, -20.2981, -63.837
285.965, 18.1287, 12.3977
318.581, 84.0596, 52.5184
318.732, 161.026, 102.358
287.875, 255.439, 143.782
205.433, 344.916, 142.2
112.469, 399.811, 127.184
47.425, 422.713, 93.605
-5.50839, 422.901, 63.0824
-41.3255, 414.893, 37.6218
-39.7661, 404.49, -1.69779
-45.9649, 382.612, -40.1559
-21.3167, 361.517, -74.137
43.0799, 359.337, -91.2671
103.582, 375.475, -72.8801
158.989, 394.567, -23.5805
208.64, 380.871, 7.54575
240.219, 362.384, 38.9738
271.307, 329.598, 57.6872
292.827, 295.01, 50.0195
312.696, 244.369, 31.6167
319.103, 215.75, 16.8031
306.848, 260.102, 34.5595
258.781, 342.464, 47.6514
-222.027, 181.91, 52.1248
-221.241, 168.685, 54.0653
-213.243, 163.516, 110.017
-142.924, 196.881, 201.637
72.2505, 192.417, 256.819
252.594, 177.702, 193.435
308.583, 234.371, 90.1339
258.065, 313.111, -18.2607
140.078, 356.959, -75.2826
6.94209, 316.506, -103.905
-96.9201, 149.435, -107.992
-55.914, 26.4478, -99.5284
52.2166, -7.54575, -105.263
164.172, 17.193, -102.027
233.654, 92.1336, -95.5669
269.987, 229.881, -61.7242
260.975, 323.392, 0.155945
261.513, 333.589, 51.0965
265.068, 323.236, 88.1871
273.911, 317.94, 72.5146
246.004, 344.094, 6.47173
142.577, 379.362, -43.8031
-23.5427, 385.55, -37.7665
-100.936, 382.768, 28.4211
-122.09, 370.232, 60.4414
-121.071, 372.873, 72.2882
-96.5855, 388.908, 57.4986
-70.2924, 402.339, 35.6725
-52.4123, 408.955, 18.8962
-19.2203, 417.271, 0.701754
-24.901, 407.998, -14.1105
-32.5146, 404.366, -18.0117
-49.1983, 395.661, -17.5439
-58.4795, 391.735, -16.8811
-63.6106, 390.87, -14.0351
-67.9494, 392.681, -9.73401
141.256, 395.699, -40.4075
141.326, 394.23, -39.8051
139.747, 395.548, -40.4075
140.653, 394.529, -40.7848
139.672, 395.812, -40.3697
140.389, 394.907, -41.0489
139.766, 395.205, -40.6238
140.426, 394.001, -41.313
138.441, 394.23, -39.2203
140.389, 394.68, -41.3507
