21215.271484,-21.936649,-50.507935,-0.000398,-0.000350,-0.002699,0.001296,0.002434,-0.000627,0.008637,0.016225,-0.004182,
21313.832031,-21.936649,-50.507935,-0.000836,-0.000647,-0.005348,0.003561,0.006355,-0.001444,0.017981,0.031548,-0.006841,
21413.974609,-21.936649,-50.507935,-0.001293,-0.000989,-0.008012,0.006760,0.011944,-0.002654,0.027325,0.047775,-0.010344,
21513.468750,-21.936649,-50.507935,-0.001620,-0.001267,-0.010625,0.011001,0.019173,-0.004073,0.037377,0.064121,-0.012908,
21613.734375,-21.936649,-50.507935,-0.002013,-0.001591,-0.013299,0.016249,0.027860,-0.005673,0.047447,0.079289,-0.014967,
21713.224609,-21.936649,-50.507935,-0.002405,-0.001915,-0.015981,0.022604,0.037958,-0.007656,0.058184,0.093747,-0.018212,
21813.171875,-21.936649,-50.507935,-0.002763,-0.002261,-0.018671,0.029935,0.049445,-0.009983,0.068270,0.107827,-0.021585,
21912.839844,-21.936649,-50.507935,-0.003226,-0.002622,-0.021332,0.038483,0.062335,-0.012682,0.079742,0.121879,-0.025190,
22012.832031,-21.936649,-50.507935,-0.003600,-0.002956,-0.023996,0.048295,0.076597,-0.015680,0.091992,0.135706,-0.028378,
22113.097656,-21.936649,-50.507935,-0.004005,-0.003275,-0.026638,0.059157,0.092089,-0.018837,0.103081,0.148517,-0.030506,
22213.031250,-21.936649,-50.507935,-0.004444,-0.003629,-0.029274,0.071250,0.108948,-0.022472,0.114974,0.161895,-0.034407,
22319.220703,-21.936649,-50.507935,-0.004871,-0.004012,-0.031888,0.084610,0.126942,-0.026289,0.127394,0.173928,-0.036914,
22412.753906,-21.936649,-50.507935,-0.005251,-0.004328,-0.034610,0.099383,0.146058,-0.030475,0.140951,0.185413,-0.040213,
22512.796875,-21.936649,-50.507935,-0.005632,-0.004676,-0.037265,0.115498,0.166330,-0.034786,0.154416,0.196956,-0.042141,
22613.212891,-21.936649,-50.507935,-0.006083,-0.004998,-0.039996,0.133051,0.187688,-0.039455,0.168490,0.208039,-0.045172,
22712.890625,-21.936649,-50.507935,-0.006511,-0.005418,-0.042713,0.151984,0.210089,-0.044362,0.182386,0.218681,-0.047774,
22812.751953,-21.936649,-50.507935,-0.006935,-0.005760,-0.045407,0.172314,0.233374,-0.049552,0.196329,0.228130,-0.050524,
22913.019531,-21.936649,-50.507935,-0.007379,-0.006100,-0.048036,0.194135,0.257651,-0.055175,0.210918,0.237888,-0.054329,
23013.011719,-21.936649,-50.507935,-0.007746,-0.006463,-0.050720,0.217525,0.282721,-0.060903,0.226241,0.246434,-0.056294,
23113.210938,-21.936653,-50.507942,-0.008182,-0.006784,-0.053368,0.242393,0.308653,-0.067097,0.241196,0.255025,-0.060060,
23212.835938,-21.936653,-50.507942,-0.008547,-0.007165,-0.056064,0.268882,0.335376,-0.073702,0.256992,0.263160,-0.064055,
23312.783203,-21.936653,-50.507942,-0.008930,-0.007531,-0.058741,0.296995,0.362880,-0.080631,0.273086,0.271080,-0.067543,
23413.384766,-21.936653,-50.507942,-0.009326,-0.007875,-0.061409,0.326816,0.391084,-0.087898,0.289838,0.278386,-0.070961,
23512.759766,-21.936653,-50.507942,-0.009654,-0.008187,-0.064089,0.358255,0.419881,-0.095494,0.306204,0.284775,-0.074294,
23613.167969,-21.936653,-50.507942,-0.010022,-0.008512,-0.066792,0.391508,0.449202,-0.103362,0.323754,0.290397,-0.077219,
23712.771484,-21.936653,-50.507942,-0.010374,-0.008868,-0.069460,0.426562,0.479184,-0.111621,0.341608,0.296678,-0.080796,
23812.863281,-21.936653,-50.507942,-0.010801,-0.009249,-0.072141,0.463403,0.509631,-0.120193,0.359481,0.301877,-0.084079,
23913.007812,-21.936653,-50.507942,-0.011122,-0.009563,-0.074874,0.502031,0.540544,-0.129069,0.377346,0.306713,-0.087198,
24012.673828,-21.936653,-50.507942,-0.011518,-0.009918,-0.077503,0.542492,0.572031,-0.138350,0.395521,0.312149,-0.090940,
24112.923828,-21.936653,-50.507942,-0.011869,-0.010326,-0.080158,0.584839,0.603907,-0.147833,0.414157,0.316557,-0.093536,
24212.783203,-21.936653,-50.507942,-0.012271,-0.010653,-0.082827,0.629044,0.636063,-0.157674,0.432751,0.319892,-0.096788,
24313.007812,-21.936653,-50.507942,-0.012635,-0.011051,-0.085453,0.675212,0.668436,-0.167754,0.452033,0.322449,-0.099463,
24413.019531,-21.936653,-50.507942,-0.013066,-0.011383,-0.088131,0.723313,0.701246,-0.178137,0.471357,0.326216,-0.102369,
24512.914062,-21.936653,-50.507942,-0.013434,-0.011718,-0.090834,0.773443,0.734340,-0.188881,0.491316,0.329368,-0.105749,
24612.679688,-21.936653,-50.507942,-0.013777,-0.012044,-0.093517,0.825536,0.767361,-0.200013,0.511058,0.329925,-0.109469,
24712.707031,-21.936653,-50.507942,-0.014178,-0.012415,-0.096239,0.879759,0.800626,-0.211352,0.531842,0.331747,-0.112079,
24812.482422,-21.936653,-50.507942,-0.014543,-0.012774,-0.098926,0.936034,0.834015,-0.223032,0.552448,0.333176,-0.115230,
24912.419922,-21.936653,-50.507942,-0.014916,-0.013075,-0.101543,0.994502,0.867254,-0.235020,0.573930,0.332651,-0.118326,
25008.964844,-21.936653,-50.507942,-0.015287,-0.013410,-0.104179,0.000000,0.000000,0.000000,0.000000,0.000000,0.000000,
25114.400391,-21.936649,-50.507942,-0.015658,-0.013734,-0.106846,0.003143,-0.000055,-0.000573,0.020955,-0.000367,-0.003823,
25214.244141,-21.936649,-50.507942,-0.015997,-0.014036,-0.109432,0.008699,-0.000174,-0.001424,0.044021,-0.000914,-0.006948,
25313.583984,-21.936649,-50.507942,-0.016359,-0.014355,-0.112082,0.016402,-0.000414,-0.002645,0.066032,-0.001902,-0.010451,
25413.751953,-21.936649,-50.507942,-0.016714,-0.014742,-0.114751,0.026242,-0.000873,-0.004156,0.087611,-0.003697,-0.013556,
25513.824219,-21.936649,-50.507942,-0.017066,-0.015088,-0.117384,0.038440,-0.001604,-0.005944,0.110518,-0.006109,-0.016440,
25613.980469,-21.936649,-50.507942,-0.017433,-0.015434,-0.120055,0.053052,-0.002697,-0.008061,0.134253,-0.009321,-0.019596,
25712.947266,-21.936649,-50.507942,-0.017760,-0.015799,-0.122708,0.069962,-0.004044,-0.010407,0.157486,-0.012088,-0.022174,
25813.408203,-21.936649,-50.507942,-0.018145,-0.016064,-0.125329,0.089302,-0.005810,-0.012942,0.181430,-0.015800,-0.024292,
25913.103516,-21.936649,-50.507942,-0.018464,-0.016405,-0.127985,0.111028,-0.008065,-0.015798,0.205314,-0.020302,-0.027133,
26013.251953,-21.936649,-50.507942,-0.018858,-0.016738,-0.130680,0.135190,-0.010730,-0.018899,0.229518,-0.024532,-0.029721,
26113.078125,-21.936653,-50.507950,-0.019239,-0.017048,-0.133369,0.161899,-0.013987,-0.022270,0.254567,-0.029890,-0.032380,
26213.183594,-21.936653,-50.507950,-0.019641,-0.017393,-0.135970,0.191150,-0.017734,-0.025945,0.279865,-0.034948,-0.035294,
26312.871094,-21.936653,-50.507950,-0.019975,-0.017771,-0.138677,0.222941,-0.022069,-0.029879,0.305230,-0.040548,-0.037990,
26413.195312,-21.936653,-50.507950,-0.020303,-0.018112,-0.141266,0.257341,-0.027119,-0.034243,0.331071,-0.047182,-0.041755,
26513.000000,-21.936653,-50.507950,-0.020652,-0.018509,-0.143938,0.294334,-0.032919,-0.038786,0.356979,-0.054396,-0.044205,
26613.037109,-21.936653,-50.507950,-0.020986,-0.018821,-0.146534,0.333921,-0.039400,-0.043685,0.382909,-0.061339,-0.047395,
26713.279297,-21.936653,-50.507950,-0.021335,-0.019117,-0.149157,0.376165,-0.046675,-0.048887,0.409260,-0.068946,-0.050479,
26812.519531,-21.936653,-50.507950,-0.021611,-0.019456,-0.151793,0.421103,-0.054773,-0.054398,0.436004,-0.076969,-0.053568,
26912.611328,-21.936653,-50.507950,-0.021913,-0.019834,-0.154474,0.468803,-0.063780,-0.059992,0.463340,-0.085702,-0.055152,
27012.947266,-21.936653,-50.507950,-0.022254,-0.020122,-0.157096,0.519199,-0.073705,-0.065888,0.490416,-0.094734,-0.057687,
27112.994141,-21.936653,-50.507942,-0.022566,-0.020455,-0.159696,0.572373,-0.084587,-0.072020,0.517969,-0.104124,-0.060107,
27213.117188,-21.936653,-50.507942,-0.022942,-0.020818,-0.162357,0.628323,-0.096507,-0.078430,0.545653,-0.114172,-0.062773,
27313.115234,-21.936653,-50.507942,-0.023291,-0.021165,-0.165071,0.687144,-0.109496,-0.085048,0.574025,-0.124651,-0.065040,
27412.976562,-21.936653,-50.507942,-0.023649,-0.021527,-0.167686,0.748787,-0.123537,-0.092109,0.602293,-0.135159,-0.068758,
27513.044922,-21.936653,-50.507942,-0.024017,-0.021840,-0.170342,0.813255,-0.138728,-0.099357,0.630552,-0.146327,-0.071240,
27612.976562,-21.936653,-50.507942,-0.024402,-0.022213,-0.172962,0.880625,-0.155136,-0.106865,0.659317,-0.158159,-0.073795,
27712.863281,-21.936653,-50.507942,-0.024800,-0.022542,-0.175603,0.950905,-0.172841,-0.114626,0.688308,-0.170754,-0.076343,
27809.082031,-21.936653,-50.507942,-0.025053,-0.022851,-0.178190,0.000000,0.000000,0.000000,0.000000,0.000000,0.000000,
27912.851562,-21.936653,-50.507942,-0.025394,-0.023176,-0.180779,0.004376,-0.001828,-0.000388,0.029173,-0.012187,-0.002584,
28013.697266,-21.936653,-50.507942,-0.025705,-0.023460,-0.183458,0.011745,-0.005209,-0.001156,0.058852,-0.026600,-0.005983,
28113.292969,-21.936653,-50.507950,-0.026099,-0.023775,-0.186020,0.022101,-0.010062,-0.002208,0.088658,-0.041221,-0.009007,
28213.384766,-21.936653,-50.507950,-0.026416,-0.024082,-0.188622,0.035494,-0.016387,-0.003498,0.118835,-0.055905,-0.011602,
28313.359375,-21.936653,-50.507950,-0.026755,-0.024375,-0.191288,0.051923,-0.024153,-0.005048,0.149142,-0.070410,-0.014205,
28413.339844,-21.936653,-50.507950,-0.027096,-0.024702,-0.193846,0.071351,-0.033565,-0.006917,0.179233,-0.086214,-0.017195,
28513.171875,-21.936653,-50.507950,-0.027443,-0.025010,-0.196518,0.093776,-0.044593,-0.008993,0.209246,-0.102260,-0.019569,
28613.115234,-21.936653,-50.507950,-0.027815,-0.025300,-0.199138,0.119245,-0.057250,-0.011353,0.239538,-0.118465,-0.022256,
28712.503906,-21.936653,-50.507950,-0.028052,-0.025688,-0.201812,0.147742,-0.071610,-0.014055,0.269828,-0.135224,-0.025434,
28813.060547,-21.936653,-50.507950,-0.028360,-0.025974,-0.204451,0.179397,-0.087759,-0.016910,0.300978,-0.152736,-0.027511,
28929.369141,-21.936653,-50.507950,-0.028678,-0.026280,-0.207071,0.214224,-0.105738,-0.020022,0.332505,-0.170770,-0.029913,
29012.960938,-21.936653,-50.507950,-0.029025,-0.026569,-0.209653,0.252218,-0.125628,-0.023353,0.364126,-0.189527,-0.032183,
29113.048828,-21.936653,-50.507950,-0.029367,-0.026877,-0.212357,0.293378,-0.147365,-0.027018,0.395778,-0.208083,-0.035161,
29212.939453,-21.936653,-50.507950,-0.029684,-0.027169,-0.214999,0.337754,-0.171142,-0.031030,0.427763,-0.227875,-0.038463,
29312.939453,-21.936653,-50.507950,-0.029951,-0.027467,-0.217620,0.385334,-0.196824,-0.035301,0.459793,-0.247176,-0.041297,
29412.828125,-21.936653,-50.507950,-0.030240,-0.027794,-0.220256,0.436192,-0.224551,-0.039748,0.492313,-0.267238,-0.043413,
29512.908203,-21.936653,-50.507950,-0.030558,-0.028095,-0.222868,0.490262,-0.254271,-0.044366,0.524570,-0.287209,-0.045258,
29612.876953,-21.936653,-50.507950,-0.030866,-0.028387,-0.225463,0.547780,-0.286181,-0.049252,0.558310,-0.308472,-0.047657,
29713.064453,-21.936653,-50.507950,-0.031187,-0.028699,-0.228080,0.608604,-0.320197,-0.054318,0.591603,-0.329594,-0.049657,
29812.908203,-21.936653,-50.507950,-0.031503,-0.029006,-0.230688,0.672697,-0.356407,-0.059682,0.624483,-0.351268,-0.052316,
29912.435547,-21.936653,-50.507950,-0.031799,-0.029298,-0.233323,0.740157,-0.395006,-0.065294,0.657893,-0.374415,-0.054849,
30013.203125,-21.936653,-50.507950,-0.032102,-0.029618,-0.235933,0.810987,-0.435779,-0.071128,0.691501,-0.396629,-0.057176,
30112.919922,-21.936653,-50.507950,-0.032405,-0.029942,-0.238525,0.885175,-0.478953,-0.077317,0.725089,-0.420031,-0.060320,
30212.912109,-21.936653,-50.507950,-0.032629,-0.030266,-0.241110,0.962628,-0.524429,-0.083779,0.758046,-0.443187,-0.063185,
30308.656250,-21.936653,-50.507950,-0.032961,-0.030548,-0.243710,0.000000,0.000000,0.000000,0.000000,0.000000,0.000000,
30413.839844,-21.936653,-50.507950,-0.033283,-0.030851,-0.246348,0.005173,-0.003666,-0.000388,0.034484,-0.024439,-0.002586,
30513.583984,-21.936653,-50.507950,-0.034029,-0.030967,-0.250458,0.012803,-0.013085,-0.000831,0.062363,-0.070939,-0.003816,
30612.808594,-21.936653,-50.507950,-0.034838,-0.030502,-0.274280,0.025832,-0.017276,-0.001663,0.107649,-0.051587,-0.006818,
30712.554688,-21.936653,-50.507950,-0.033397,-0.025608,-0.296922,0.041057,-0.027124,-0.003788,0.137382,-0.082848,-0.016443,
30812.892578,-21.936653,-50.507950,-0.032149,-0.016813,-0.322523,0.057754,-0.041987,-0.006132,0.157109,-0.126707,-0.021104,
30912.830078,-21.936653,-50.507950,-0.031616,0.001779,-0.346449,0.077212,-0.060782,-0.009996,0.182089,-0.167534,-0.032796,
31012.203125,-21.936653,-50.507950,-0.032456,0.028442,-0.363228,0.098974,-0.081405,-0.014648,0.205777,-0.193334,-0.041945,
31112.416016,-21.936657,-50.507942,-0.041596,0.046157,-0.379869,0.121958,-0.104665,-0.019018,0.221816,-0.219510,-0.043115,
31211.896484,-21.936657,-50.507942,-0.049989,0.054425,-0.399602,0.149690,-0.127297,-0.019512,0.258819,-0.224050,-0.017664,
31312.261719,-21.936657,-50.507942,-0.031794,0.043276,-0.421793,0.179955,-0.155123,-0.020899,0.288039,-0.260190,-0.015136,
31411.681641,-21.936657,-50.507942,-0.021735,0.040610,-0.444296,0.218433,-0.182393,-0.023636,0.352534,-0.268530,-0.023288,
31512.347656,-21.936657,-50.507942,0.004232,0.043119,-0.452451,0.261426,-0.211859,-0.028034,0.404130,-0.285945,-0.037086,
31612.328125,-21.936657,-50.507942,0.015162,0.015852,-0.482191,0.308078,-0.250433,-0.033112,0.445725,-0.352480,-0.046218,
31712.707031,-21.936657,-50.507942,0.007272,-0.001336,-0.492220,0.357254,-0.292273,-0.037293,0.476415,-0.396428,-0.043278,
31812.160156,-21.936657,-50.507942,0.048940,-0.023876,-0.526362,0.417925,-0.335830,-0.039142,0.563277,-0.422522,-0.026748,
31911.974609,-21.936657,-50.507942,0.073562,-0.026631,-0.555764,0.481797,-0.380838,-0.050291,0.613577,-0.440891,-0.083246,
32012.412109,-21.936657,-50.507942,0.096151,-0.017023,-0.603197,0.545278,-0.431583,-0.058696,0.627728,-0.485261,-0.083780,
32112.369141,-21.936653,-50.507942,0.101281,-0.020958,-0.654816,0.613994,-0.486924,-0.061401,0.667352,-0.530694,-0.045961,
32212.587891,-21.936653,-50.507942,0.081240,-0.017959,-0.690111,0.680411,-0.544699,-0.055815,0.665231,-0.562066,0.021921,
32311.945312,-21.936653,-50.507942,0.063717,-0.037893,-0.720893,0.753372,-0.604145,-0.060121,0.708150,-0.583667,-0.021405,
32411.941406,-21.936653,-50.507942,0.084005,-0.059498,-0.754452,0.833162,-0.671304,-0.062661,0.767981,-0.642279,-0.024066,
32512.443359,-21.936653,-50.507942,0.090749,-0.050326,-0.801666,0.914921,-0.740459,-0.063831,0.801054,-0.675126,-0.015822,
32612.464844,-21.936653,-50.507942,0.119992,-0.017912,-0.872394,0.992975,-0.808707,-0.069518,0.787380,-0.680028,-0.043189,
32707.941406,-21.936653,-50.507942,0.136647,-0.012556,-0.949851,0.000000,0.000000,0.000000,0.000000,0.000000,0.000000,
32812.187500,-21.936653,-50.507942,0.217438,0.021235,-1.052473,0.009092,0.007429,0.001998,0.060614,0.049523,0.013319,
32912.128906,-21.936653,-50.507942,0.173595,0.011095,-1.102704,0.018684,0.011941,0.000949,0.084150,0.046589,-0.002553,
33012.234375,-21.936653,-50.507942,0.130823,0.020469,-1.121116,0.028936,0.016069,0.001127,0.096400,0.043051,0.000336,
33112.390625,-21.936653,-50.507942,0.024234,0.034259,-1.090234,0.038393,0.013165,0.001820,0.095176,-0.005011,0.004735,
33212.398438,-21.936653,-50.507942,0.001139,0.035896,-1.084354,0.051139,0.003549,0.003712,0.116699,-0.065774,0.014187,
33313.097656,-21.936653,-50.507942,-0.052874,0.042906,-1.077250,0.058860,-0.012981,0.003392,0.090372,-0.132124,0.002598,
33412.128906,-21.936653,-50.507942,-0.053486,0.026589,-1.100143,0.071122,-0.034187,0.006007,0.111871,-0.185413,0.018302,
33512.488281,-21.936653,-50.507942,-0.042419,-0.002781,-1.127084,0.084842,-0.059329,0.009634,0.128756,-0.229424,0.030275,
33612.113281,-21.936653,-50.507942,-0.036587,-0.019385,-1.159111,0.102622,-0.088462,0.011919,0.161453,-0.270692,0.025325,
33712.042969,-21.936653,-50.507942,-0.033226,-0.022291,-1.191012,0.117469,-0.119394,0.012846,0.152797,-0.296445,0.014624,
33812.261719,-21.936653,-50.507942,-0.028506,-0.024477,-1.231485,0.132636,-0.154337,0.014949,0.152049,-0.331766,0.018899,
33912.031250,-21.936653,-50.507942,-0.019309,-0.028254,-1.253088,0.148062,-0.198854,0.015409,0.153524,-0.407370,0.009361,
34012.214844,-21.936653,-50.507942,-0.015706,-0.027336,-1.252094,0.169990,-0.245970,0.016523,0.197358,-0.449894,0.010548,
34112.207031,-21.936653,-50.507942,-0.014128,-0.027893,-1.239495,0.191711,-0.284770,0.017181,0.210590,-0.408631,0.007904,
34212.640625,-21.936653,-50.507942,-0.016082,-0.027864,-1.200067,0.217828,-0.326341,0.015809,0.244313,-0.413353,-0.006513,
34312.691406,-21.936653,-50.507942,-0.015966,-0.027101,-1.175859,0.238640,-0.374587,0.014639,0.220182,-0.459427,-0.009974,
34413.113281,-21.936653,-50.507942,-0.015665,-0.025723,-1.173645,0.262540,-0.424574,0.013164,0.232727,-0.486384,-0.013152,
34512.718750,-21.936653,-50.507942,-0.014436,-0.024268,-1.171350,0.287463,-0.477011,0.011484,0.243732,-0.511711,-0.015584,
34612.902344,-21.936653,-50.507942,-0.013084,-0.022790,-1.169167,0.313925,-0.531562,0.009167,0.257659,-0.534246,-0.020646,
34713.214844,-21.936653,-50.507942,-0.010092,-0.020607,-1.167108,0.341511,-0.587265,0.005109,0.269788,-0.549432,-0.033933,
34812.742188,-21.936653,-50.507942,0.004692,-0.007852,-1.164929,0.370946,-0.643216,-0.000405,0.286166,-0.556150,-0.048070,
34912.390625,-21.936653,-50.507942,0.029184,0.011188,-1.166676,0.399861,-0.699320,-0.005215,0.288157,-0.559410,-0.048089,
35012.042969,-21.936653,-50.507942,0.057971,0.033202,-1.171387,0.432074,-0.752841,-0.012070,0.310802,-0.543280,-0.061730,
35112.199219,-21.936653,-50.507942,0.101907,0.064837,-1.165640,0.468728,-0.801488,-0.023680,0.347964,-0.505406,-0.097981,
35212.054688,-21.936653,-50.507942,0.129364,0.084955,-1.161526,0.512814,-0.853363,-0.019736,0.409896,-0.514300,-0.006363,
35312.238281,-21.936653,-50.507942,0.126553,0.074096,-1.122118,0.551094,-0.908712,-0.020704,0.391826,-0.540429,-0.008574,
35411.503906,-21.936653,-50.507942,0.123646,0.071754,-1.115624,0.593000,-0.964818,-0.024778,0.409986,-0.554180,-0.030022,
35538.667969,-21.936653,-50.507942,0.107963,0.060962,-1.120988,0.631097,-1.024065,-0.021081,0.390639,-0.579705,0.014643,
35611.988281,-21.936653,-50.507942,0.102939,0.056371,-1.146415,0.661741,-1.076433,-0.035009,0.334509,-0.542361,-0.087975,
35712.320312,-21.936653,-50.507942,0.101235,0.059684,-1.164311,0.708837,-1.138697,-0.032678,0.425475,-0.595879,-0.013785,
35812.351562,-21.936653,-50.507942,0.096037,0.056878,-1.153546,0.758530,-1.201277,-0.034761,0.473113,-0.615824,-0.018484,
35912.460938,-21.936653,-50.507942,0.103090,0.058594,-1.146720,0.800807,-1.261198,-0.037215,0.439551,-0.604750,-0.022515,
36012.015625,-21.936653,-50.507942,0.098155,0.067107,-1.149798,0.838035,-1.326249,-0.043016,0.394705,-0.635252,-0.046180,
36111.902344,-21.936653,-50.507942,0.093899,0.068264,-1.171846,0.874824,-1.393525,-0.065538,0.376824,-0.660262,-0.165542,
36211.625000,-21.936653,-50.507942,0.085724,0.035616,-1.225290,0.911802,-1.461814,-0.098596,0.372132,-0.675347,-0.275565,
36312.183594,-21.936653,-50.507942,0.092557,0.038434,-1.255156,0.948917,-1.522719,-0.139746,0.371476,-0.631148,-0.366192,
36411.898438,-21.936653,-50.507942,0.097874,0.061548,-1.274161,0.986863,-1.580553,-0.171588,0.376796,-0.595942,-0.334340,
36508.015625,-21.936653,-50.507942,0.105461,0.070763,-1.288832,0.000000,0.000000,0.000000,0.000000,0.000000,0.000000,
36613.207031,-21.936653,-50.507942,0.123150,0.071794,-1.297751,0.003701,0.000008,-0.001295,0.024671,0.000052,-0.008631,
36712.210938,-21.936653,-50.507942,0.138003,0.080768,-1.244307,0.020398,-0.000792,-0.001451,0.119538,-0.005318,-0.003916,
36812.031250,-21.936653,-50.507942,0.120275,0.071393,-1.216773,0.031358,-0.010524,0.009960,0.112914,-0.066651,0.074766,
36911.847656,-21.936653,-50.507942,0.061151,0.022902,-1.197260,0.043159,-0.027778,0.017991,0.116314,-0.137245,0.078459,
37012.050781,-21.936653,-50.507942,0.029563,-0.007537,-1.177218,0.053771,-0.049634,0.020057,0.109517,-0.191453,0.039929,
37112.328125,-21.936653,-50.507942,0.007589,-0.047182,-1.147909,0.062512,-0.074441,0.033422,0.094774,-0.229196,0.102412,
37212.371094,-21.936653,-50.507942,-0.015884,-0.088953,-1.123163,0.066606,-0.105830,0.045047,0.058888,-0.285661,0.111636,
37312.214844,-21.936653,-50.507942,-0.026988,-0.100639,-1.095554,0.068156,-0.141754,0.057795,0.029961,-0.334710,0.122199,
37412.675781,-21.936653,-50.507942,-0.023774,-0.075220,-1.059162,0.067894,-0.178890,0.068495,0.008241,-0.359147,0.112061,
37512.742188,-21.936653,-50.507942,-0.030247,-0.078766,-1.032010,0.067581,-0.220221,0.086498,0.000661,-0.395256,0.157379,
37612.125000,-21.936653,-50.507942,-0.052593,-0.104926,-1.019791,0.062988,-0.272070,0.102294,-0.030399,-0.477414,0.157764,
37712.335938,-21.936653,-50.507942,-0.078608,-0.117528,-1.014875,0.057515,-0.326288,0.118722,-0.046622,-0.520586,0.162107,
37812.183594,-21.936653,-50.507942,-0.067894,-0.102657,-1.020743,0.046431,-0.380926,0.133350,-0.089436,-0.537787,0.151557,
37912.003906,-21.936653,-50.507942,-0.049817,-0.093484,-1.007492,0.038038,-0.430950,0.153007,-0.085766,-0.512752,0.181568,
38012.425781,-21.936653,-50.507942,-0.035795,-0.098224,-0.993833,0.029717,-0.485551,0.163052,-0.084056,-0.534926,0.127488,
38112.402344,-21.936653,-50.507942,-0.031417,-0.099565,-0.979379,0.033547,-0.537009,0.172065,-0.002486,-0.521358,0.102579,
38211.796875,-21.936653,-50.507942,-0.046371,-0.120331,-0.967980,0.049642,-0.586942,0.181742,0.106467,-0.506673,0.098708,
38311.679688,-21.936653,-50.507942,-0.064397,-0.125472,-0.948315,0.071657,-0.632934,0.189412,0.182258,-0.475506,0.084037,
38411.992188,-21.936653,-50.507942,-0.061899,-0.105867,-0.913335,0.092845,-0.680980,0.203671,0.202003,-0.478808,0.123070,
38511.875000,-21.936653,-50.507942,-0.061633,-0.097072,-0.855212,0.110301,-0.726021,0.229732,0.183712,-0.459880,0.214765,
38612.054688,-21.936653,-50.507942,-0.064486,-0.097987,-0.790887,0.117720,-0.779802,0.259078,0.110697,-0.511829,0.267229,
38712.183594,-21.936653,-50.507942,-0.060616,-0.090048,-0.749755,0.124271,-0.834227,0.295384,0.080574,-0.533443,0.331120,
38812.421875,-21.936653,-50.507942,-0.056161,-0.087509,-0.696820,0.130904,-0.888317,0.332743,0.071073,-0.538417,0.359431,
38912.097656,-21.936653,-50.507942,-0.051190,-0.076927,-0.636583,0.132788,-0.938638,0.375898,0.036254,-0.514944,0.407506,
39011.984375,-21.936653,-50.507942,-0.040013,-0.064771,-0.580702,0.133689,-0.983565,0.420613,0.018089,-0.471161,0.433937,
39112.339844,-21.936653,-50.507942,-0.001244,-0.035488,-0.526376,0.137308,-1.020647,0.462884,0.030156,-0.404269,0.426451,
39212.160156,-21.936653,-50.507942,0.028237,-0.021325,-0.467909,0.141979,-1.051650,0.502932,0.041192,-0.341445,0.409140,
39311.945312,-21.936653,-50.507942,0.044026,-0.028390,-0.414758,0.146550,-1.079312,0.537281,0.044207,-0.298225,0.365374,
39411.796875,-21.936653,-50.507942,0.037468,-0.052412,-0.345524,0.153765,-1.113195,0.563379,0.062836,-0.325297,0.295776,
39511.605469,-21.936653,-50.507942,0.015402,-0.064041,-0.309645,0.168851,-1.156874,0.592288,0.121517,-0.399623,0.291322,
39612.035156,-21.936653,-50.507942,0.003395,-0.058417,-0.272665,0.183085,-1.208630,0.621558,0.135402,-0.478248,0.292241,
39712.277344,-21.936653,-50.507942,0.004230,-0.050212,-0.244426,0.193119,-1.259044,0.659558,0.112027,-0.495509,0.350747,
39812.144531,-21.936653,-50.507942,0.010153,-0.036447,-0.225519,0.201621,-1.310830,0.700862,0.094017,-0.510413,0.392270,
39912.480469,-21.936653,-50.507942,0.023289,-0.026901,-0.204971,0.211686,-1.364051,0.739174,0.098443,-0.524939,0.386172,
40012.039062,-21.936653,-50.507942,0.037711,-0.022512,-0.183707,0.221067,-1.416837,0.771495,0.095355,-0.526891,0.344195,
40111.960938,-21.936653,-50.507942,0.047416,-0.018863,-0.168375,0.234889,-1.471176,0.803685,0.123928,-0.537889,0.329334,
40211.785156,-21.936653,-50.507942,0.040790,-0.020979,-0.171671,0.263052,-1.526210,0.832796,0.229065,-0.546190,0.303850,
40312.191406,-21.936653,-50.507942,0.038052,-0.017807,-0.174060,0.295094,-1.580018,0.861631,0.289966,-0.540781,0.293522,
40411.773438,-21.936653,-50.507942,0.029075,-0.020117,-0.181095,0.329657,-1.623896,0.895864,0.327079,-0.472784,0.326059,
40511.996094,-21.936653,-50.507942,0.015325,-0.039360,-0.193993,0.365498,-1.660577,0.931657,0.347961,-0.402136,0.347308,
40611.781250,-21.936653,-50.507942,0.007955,-0.034181,-0.207923,0.407213,-1.697243,0.952220,0.394093,-0.378483,0.252854,
40711.867188,-21.936653,-50.507942,0.009874,-0.008227,-0.214789,0.457203,-1.728653,0.962561,0.464630,-0.335563,0.153223,
40812.167969,-21.936653,-50.507942,0.005965,0.007435,-0.214155,0.502963,-1.766467,0.983281,0.459941,-0.363944,0.189207,
40912.167969,-21.936653,-50.507942,-0.016116,0.006099,-0.211908,0.548982,-1.812153,1.000970,0.460107,-0.425888,0.180999,
41012.199219,-21.936653,-50.507942,-0.029093,0.010474,-0.220058,0.603274,-1.863188,1.029743,0.515314,-0.482200,0.252150,
41111.621094,-21.936653,-50.507942,-0.049109,-0.019705,-0.249082,0.660684,-1.921577,1.060200,0.554508,-0.549992,0.287098,
41211.699219,-21.936653,-50.507942,-0.083238,-0.078107,-0.291615,0.723628,-1.982930,1.079617,0.604461,-0.592353,0.225143,
41311.488281,-21.936653,-50.507942,-0.100174,-0.105497,-0.343331,0.799891,-2.051747,1.081102,0.709906,-0.656230,0.084951,
41411.687500,-21.936653,-50.507942,-0.083284,-0.074097,-0.390823,0.883177,-2.116310,1.085442,0.791879,-0.649160,0.057251,
41512.328125,-21.936653,-50.507942,-0.046323,0.000661,-0.450166,0.968523,-2.192574,1.095018,0.832934,-0.724812,0.082922,
41607.996094,-21.936653,-50.507942,-0.008411,0.069203,-0.521811,0.000000,0.000000,0.000000,0.000000,0.000000,0.000000,
41712.152344,-21.936653,-50.507942,-0.022963,0.046995,-0.529131,0.009669,0.011646,0.008296,0.064463,0.077637,0.055307,
41812.464844,-21.936653,-50.507942,-0.030193,0.004235,-0.528061,0.020245,0.019554,-0.002999,0.091994,0.078602,-0.056866,
41912.492188,-21.936653,-50.507942,-0.000764,0.012630,-0.553323,0.034150,0.031464,-0.025169,0.123361,0.105599,-0.166753,
42012.335938,-21.936653,-50.507942,0.018326,0.039953,-0.567611,0.054811,0.037381,-0.038357,0.178861,0.074649,-0.143503,
42128.796875,-21.936653,-50.507942,0.011055,0.020822,-0.568221,0.078965,0.027823,-0.052568,0.220646,-0.038838,-0.142576,
42212.160156,-21.936653,-50.507942,0.025213,0.009111,-0.566817,0.103097,0.015673,-0.060999,0.234432,-0.093948,-0.103734,
42312.183594,-21.936653,-50.507942,0.041608,0.020419,-0.572910,0.126191,0.008311,-0.062847,0.232100,-0.080395,-0.046897,
42412.414062,-21.936653,-50.507942,0.036484,0.004947,-0.575913,0.152570,-0.005586,-0.062755,0.253231,-0.119443,-0.015016,
42512.777344,-21.936653,-50.507942,0.001329,-0.033780,-0.570435,0.182441,-0.028209,-0.074374,0.283550,-0.190636,-0.082469,
42612.261719,-21.936653,-50.507942,-0.020086,-0.045116,-0.568109,0.212027,-0.052674,-0.099577,0.291756,-0.226646,-0.195505,
42713.000000,-21.936653,-50.507942,-0.011033,-0.044166,-0.589233,0.245137,-0.080870,-0.116151,0.317982,-0.263523,-0.175662,
42811.851562,-21.936653,-50.507942,0.002821,-0.030229,-0.604255,0.279800,-0.113524,-0.125304,0.337081,-0.305534,-0.119577,
42912.300781,-21.936653,-50.507942,0.005062,-0.037340,-0.599964,0.317578,-0.153012,-0.125012,0.364215,-0.365099,-0.037911,
43012.265625,-21.936653,-50.507942,-0.020076,-0.062553,-0.569748,0.359138,-0.198454,-0.124017,0.398468,-0.424645,-0.006007,
43112.289062,-21.936653,-50.507942,-0.046970,-0.069437,-0.529201,0.400696,-0.250051,-0.134627,0.409878,-0.485530,-0.072737,
43212.867188,-21.936653,-50.507942,-0.052218,-0.055885,-0.495940,0.439494,-0.311486,-0.156235,0.395281,-0.571405,-0.168297,
43312.449219,-21.936653,-50.507942,-0.054787,-0.037495,-0.461323,0.474537,-0.381192,-0.167529,0.365378,-0.655176,-0.131393,
43412.593750,-21.936653,-50.507942,-0.049110,-0.010151,-0.432053,0.509799,-0.455704,-0.170483,0.356876,-0.715142,-0.063491,
43512.625000,-21.936653,-50.507942,-0.041011,0.014034,-0.402978,0.544670,-0.532818,-0.167016,0.351428,-0.752468,0.001949,
43612.105469,-21.936653,-50.507942,-0.040848,0.007571,-0.372422,0.581188,-0.616478,-0.167469,0.360600,-0.808558,-0.002369,
43711.648438,-21.936653,-50.507942,-0.058843,-0.024770,-0.388405,0.620035,-0.705812,-0.175222,0.379177,-0.865082,-0.052473,
43811.726562,-21.936653,-50.507942,-0.077656,-0.038686,-0.375673,0.661148,-0.803927,-0.195213,0.400479,-0.942460,-0.150769,
43912.039062,-21.936653,-50.507942,-0.073813,-0.024746,-0.386200,0.700906,-0.908856,-0.214216,0.398547,-1.013680,-0.176940,
44012.042969,-21.936653,-50.507942,-0.054013,0.004711,-0.399932,0.742610,-1.013276,-0.218134,0.410879,-1.034026,-0.085098,
44112.000000,-21.936653,-50.507942,-0.050736,0.017010,-0.399571,0.788588,-1.119222,-0.209270,0.443476,-1.050978,0.030724,
44211.914062,-21.936653,-50.507942,-0.067006,0.001328,-0.378964,0.839257,-1.234593,-0.207623,0.485618,-1.119470,0.021220,
44312.316406,-21.936653,-50.507942,-0.073760,-0.017065,-0.352360,0.893353,-1.360764,-0.225896,0.522512,-1.214295,-0.114748,
44411.796875,-21.936653,-50.507942,-0.067823,-0.006461,-0.343136,0.941230,-1.491432,-0.245132,0.493350,-1.275888,-0.166486,
44512.148438,-21.936653,-50.507942,-0.060775,-0.013113,-0.325537,0.993722,-1.633461,-0.262162,0.514403,-1.372156,-0.169027,
44608.480469,-21.936653,-50.507942,-0.035407,-0.008254,-0.318411,0.000000,0.000000,0.000000,0.000000,0.000000,0.000000,
44713.265625,-21.936653,-50.507942,-0.011472,0.001366,-0.345973,-0.005224,-0.007885,0.008358,-0.034827,-0.052564,0.055718,
44812.960938,-21.936653,-50.507942,-0.010389,-0.012776,-0.319562,-0.006337,-0.023945,0.014716,-0.019031,-0.124588,0.060962,
44913.074219,-21.936653,-50.507942,-0.020135,-0.028568,-0.321423,-0.006060,-0.045943,0.003371,-0.004497,-0.188182,-0.055316,
45012.847656,-21.936653,-50.507942,-0.022740,-0.024975,-0.342693,-0.003792,-0.070997,-0.007992,0.013623,-0.229759,-0.094192,
45112.554688,-21.936653,-50.507942,-0.013436,-0.004605,-0.373352,0.005672,-0.105180,-0.013286,0.067635,-0.304468,-0.066686,
45212.976562,-21.936653,-50.507942,-0.011224,0.014483,-0.393883,0.016965,-0.139288,-0.003807,0.097832,-0.328877,0.040964,
45312.457031,-21.936653,-50.507942,-0.025807,0.007428,-0.393447,0.033820,-0.177812,0.008703,0.144976,-0.366454,0.097056,
45412.847656,-21.936653,-50.507942,-0.050594,-0.009006,-0.372751,0.057349,-0.225934,0.009436,0.205189,-0.442967,0.037233,
45512.777344,-21.936653,-50.507942,-0.062615,-0.008480,-0.357636,0.084123,-0.284383,-0.005103,0.246888,-0.537312,-0.084513,
45612.527344,-21.936653,-50.507942,-0.068200,0.005265,-0.355930,0.107841,-0.354734,-0.014024,0.240413,-0.648110,-0.087646,
45712.691406,-21.936653,-50.507942,-0.065727,0.014993,-0.328570,0.134878,-0.439466,-0.015217,0.260383,-0.780916,-0.037169,
45812.136719,-21.936653,-50.507942,-0.061678,0.031794,-0.303259,0.159477,-0.526739,-0.002377,0.250792,-0.842129,0.073211,
45912.261719,-21.936653,-50.507942,-0.064482,0.034852,-0.290932,0.182132,-0.616918,0.006574,0.234632,-0.881903,0.084082,
46012.601562,-21.936653,-50.507942,-0.073306,0.015243,-0.283875,0.211724,-0.718683,0.007221,0.275491,-0.972402,0.032337,
46112.117188,-21.936653,-50.507942,-0.089902,-0.000408,-0.281029,0.246737,-0.829669,-0.005193,0.325245,-1.064042,-0.071981,
46212.449219,-21.936653,-50.507942,-0.093356,-0.000284,-0.280055,0.287612,-0.944480,-0.016185,0.380917,-1.120082,-0.097274,
46312.042969,-21.936653,-50.507942,-0.078208,0.036370,-0.269637,0.328644,-1.072199,-0.013962,0.400517,-1.224824,-0.017604,
46411.789062,-21.936653,-50.507942,-0.069572,0.058723,-0.273415,0.371780,-1.200002,0.001095,0.421078,-1.260296,0.094513,
46512.167969,-21.936653,-50.507942,-0.069520,0.053213,-0.252627,0.419196,-1.330936,0.012262,0.456470,-1.292991,0.105950,
46611.410156,-21.936653,-50.507942,-0.076226,0.036645,-0.225061,0.475697,-1.470488,0.013654,0.528831,-1.361339,0.044598,
46711.988281,-21.936653,-50.507942,-0.079548,0.015836,-0.202771,0.539980,-1.621747,-0.001961,0.604828,-1.462173,-0.089233,
46812.136719,-21.936653,-50.507942,-0.080290,0.009740,-0.194099,0.602908,-1.783095,-0.012043,0.621132,-1.563044,-0.096957,
46912.371094,-21.936653,-50.507942,-0.079151,0.029755,-0.197730,0.671153,-1.959379,-0.016499,0.662011,-1.696241,-0.062029,
47012.175781,-21.936653,-50.507942,-0.080439,0.062643,-0.209787,0.738859,-2.140657,-0.009626,0.672039,-1.773939,0.025147,
47112.140625,-21.936653,-50.507942,-0.087658,0.066720,-0.219253,0.811465,-2.332051,-0.002953,0.708058,-1.867269,0.052869,
47211.953125,-21.936653,-50.507942,-0.093075,0.042775,-0.232929,0.893756,-2.529866,-0.001103,0.784627,-1.941192,0.029956,
47311.593750,-21.936653,-50.507942,-0.100238,0.021856,-0.257105,0.981571,-2.736781,-0.013975,0.846973,-2.026497,-0.075830,
47407.886719,-21.936653,-50.507942,-0.086906,0.044426,-0.290902,0.000000,0.000000,0.000000,0.000000,0.000000,0.000000,
47512.625000,-21.936653,-50.507942,-0.060887,0.083521,-0.332793,0.008448,-0.008101,-0.002353,0.056323,-0.054007,-0.015688,
47612.597656,-21.936653,-50.507942,-0.040064,0.078404,-0.355688,0.021073,-0.017589,0.009704,0.102936,-0.081255,0.075154,
47712.480469,-21.936653,-50.507942,-0.036704,0.046294,-0.353709,0.043975,-0.037596,0.017125,0.186993,-0.160468,0.074521,
47812.265625,-21.936653,-50.507942,-0.031518,0.030333,-0.335450,0.075141,-0.071152,0.021089,0.270108,-0.277191,0.051269,
47912.003906,-21.936653,-50.507942,-0.004422,0.010826,-0.322118,0.113864,-0.119630,0.019289,0.348186,-0.415586,0.005089,
48012.363281,-21.936653,-50.507942,0.011007,-0.007783,-0.304407,0.153426,-0.174908,0.020373,0.379809,-0.507051,0.008922,
48112.609375,-21.936653,-50.507942,0.025653,-0.007200,-0.303165,0.191235,-0.235949,0.027428,0.378660,-0.575953,0.050009,
48212.386719,-21.936653,-50.507942,0.021371,0.003707,-0.315070,0.223531,-0.301032,0.044100,0.341531,-0.625871,0.127817,
48312.144531,-21.936653,-50.507942,0.009470,0.003172,-0.335535,0.254863,-0.374213,0.056655,0.322720,-0.696497,0.126306,
48411.777344,-21.936653,-50.507942,-0.010947,-0.019317,-0.355310,0.289500,-0.454886,0.064101,0.338488,-0.769987,0.091740,
48512.113281,-21.936653,-50.507942,-0.045111,-0.061549,-0.379329,0.323787,-0.542387,0.061661,0.341411,-0.840005,0.014317,
48612.125000,-21.936653,-50.507942,-0.043459,-0.065349,-0.424619,0.364225,-0.639998,0.051929,0.383390,-0.930738,-0.060114,
48727.968750,-21.936653,-50.507942,-0.036126,-0.026101,-0.470137,0.408736,-0.740800,0.054587,0.424537,-0.982258,-0.002314,
48812.175781,-21.936653,-50.507942,-0.040231,-0.010711,-0.500648,0.457586,-0.849463,0.065289,0.467176,-1.051843,0.070576,
48911.664062,-21.936653,-50.507942,-0.041563,-0.031269,-0.509800,0.515205,-0.965171,0.076661,0.539853,-1.121997,0.099335,
49012.125000,-21.936653,-50.507942,-0.044715,-0.049866,-0.505751,0.577670,-1.085389,0.085723,0.596388,-1.175458,0.093525,
49112.199219,-21.936653,-50.507942,-0.052543,-0.068443,-0.495794,0.644521,-1.214894,0.090032,0.644464,-1.255185,0.059903,
49212.289062,-21.936653,-50.507942,-0.068308,-0.110556,-0.482398,0.719432,-1.357039,0.085258,0.714232,-1.366024,-0.011857,
49312.523438,-21.936653,-50.507942,-0.056715,-0.127624,-0.480940,0.799408,-1.508657,0.079209,0.771248,-1.466132,-0.044277,
49412.261719,-21.936653,-50.507942,-0.037624,-0.132048,-0.492789,0.887117,-1.673534,0.078858,0.841809,-1.587892,-0.017102,
49512.179688,-21.936653,-50.507942,-0.023151,-0.123955,-0.500907,0.977532,-1.843270,0.089427,0.883370,-1.660869,0.064759,
49608.300781,-21.936653,-50.507942,-0.021969,-0.119388,-0.520144,0.000000,0.000000,0.000000,0.000000,0.000000,0.000000,
49712.789062,-21.936653,-50.507942,-0.019019,-0.126786,-0.563160,0.004802,-0.012061,0.000686,0.032017,-0.080408,0.004570,
49812.789062,-21.936653,-50.507942,-0.022623,-0.143673,-0.615987,0.014770,-0.031432,-0.007195,0.077122,-0.155943,-0.051015,
49912.769531,-21.936653,-50.507942,-0.006272,-0.139250,-0.685586,0.036174,-0.059960,-0.028261,0.168401,-0.242168,-0.157446,
50012.910156,-21.936653,-50.507942,0.007652,-0.138434,-0.751688,0.068423,-0.099217,-0.036702,0.271124,-0.342436,-0.108753,
50112.203125,-21.936653,-50.507942,0.019391,-0.135847,-0.809422,0.109721,-0.150698,-0.043534,0.365699,-0.457350,-0.081799,
50212.609375,-21.936653,-50.507942,0.024212,-0.140071,-0.851976,0.158543,-0.205987,-0.039037,0.447381,-0.521040,0.002715,
50312.511719,-21.936653,-50.507942,0.014625,-0.143922,-0.886274,0.212571,-0.265660,-0.035069,0.509313,-0.571501,0.027362,
50412.210938,-21.936653,-50.507942,0.006598,-0.156961,-0.916015,0.270311,-0.333894,-0.037170,0.554699,-0.645395,-0.004890,
50512.769531,-21.936653,-50.507942,0.014574,-0.172869,-0.942660,0.337978,-0.411670,-0.051744,0.636016,-0.733639,-0.098786,
50612.648438,-21.936653,-50.507942,0.036238,-0.170029,-0.973993,0.414566,-0.499653,-0.058241,0.722595,-0.831103,-0.076243,
50712.218750,-21.936653,-50.507942,0.047756,-0.178485,-1.016444,0.492693,-0.603464,-0.059702,0.761708,-0.969103,-0.035158,
50812.308594,-21.936653,-50.507942,0.066015,-0.151828,-1.071944,0.578651,-0.708162,-0.061113,0.826958,-1.021023,-0.021127,
50912.386719,-21.936653,-50.507942,0.064488,-0.123985,-1.125149,0.664788,-0.815795,-0.057271,0.849897,-1.057894,0.018577,
51012.132812,-21.936653,-50.507942,0.059209,-0.125758,-1.183637,0.754809,-0.928893,-0.055112,0.883442,-1.106619,0.020580,
51112.257812,-21.936653,-50.507942,0.053465,-0.138358,-1.239864,0.849748,-1.052680,-0.060186,0.927407,-1.194117,-0.026965,
51211.730469,-21.936653,-50.507942,0.048780,-0.154587,-1.309520,0.949242,-1.180138,-0.074701,0.972426,-1.247759,-0.105752,
51307.785156,-21.936653,-50.507942,0.052199,-0.126772,-1.400650,0.000000,0.000000,0.000000,0.000000,0.000000,0.000000,
51412.308594,-21.936653,-50.507942,0.055640,-0.096686,-1.497175,0.010869,-0.018267,0.005084,0.072458,-0.121777,0.033891,
51512.398438,-21.936653,-50.507942,0.056194,-0.085148,-1.572922,0.022784,-0.045478,0.016862,0.103587,-0.222000,0.089821,
51612.164062,-21.936653,-50.507942,0.053967,-0.098749,-1.634920,0.042073,-0.082379,0.033157,0.163122,-0.320009,0.138569,
51711.726562,-21.936653,-50.507942,0.045853,-0.101491,-1.681138,0.069825,-0.125669,0.047512,0.239389,-0.395270,0.141889,
51811.761719,-21.936653,-50.507942,0.031014,-0.104367,-1.721651,0.101192,-0.173725,0.059891,0.288911,-0.452128,0.129825,
51911.804688,-21.936653,-50.507942,0.027885,-0.099288,-1.767016,0.133692,-0.231886,0.061622,0.312969,-0.538450,0.054817,
52012.488281,-21.936653,-50.507942,0.026529,-0.076714,-1.799890,0.162139,-0.294309,0.065669,0.293968,-0.595639,0.045252,
52111.871094,-21.936653,-50.507942,0.025809,-0.063725,-1.827378,0.184954,-0.360034,0.072225,0.250089,-0.636712,0.058793,
52212.289062,-21.936653,-50.507942,0.036984,-0.058112,-1.871102,0.209698,-0.428547,0.080194,0.248322,-0.668987,0.072721,
52312.328125,-21.936653,-50.507942,0.034327,-0.047928,-1.913854,0.237019,-0.495540,0.091588,0.264916,-0.669622,0.100203,
52412.121094,-21.936653,-50.507942,0.029763,-0.035800,-1.957632,0.267638,-0.562332,0.103313,0.292434,-0.668483,0.111566,
52512.121094,-21.936653,-50.507942,0.015185,-0.043417,-1.990820,0.299003,-0.634389,0.110264,0.306577,-0.703209,0.083525,
52611.839844,-21.936653,-50.507942,0.002212,-0.066987,-2.023034,0.331544,-0.708873,0.106176,0.319132,-0.730963,0.000588,
52712.324219,-21.936653,-50.507942,0.004626,-0.045216,-2.071743,0.365053,-0.791179,0.098495,0.329770,-0.792358,-0.051004,
52812.015625,-21.936653,-50.507942,0.005996,-0.034111,-2.121546,0.397784,-0.879206,0.099461,0.328130,-0.850965,-0.010567,
52912.019531,-21.936653,-50.507942,0.027802,-0.031451,-2.154918,0.431043,-0.975145,0.099840,0.331104,-0.923252,-0.000996,
53012.019531,-21.936653,-50.507942,0.046356,-0.045076,-2.167975,0.468872,-1.077556,0.109052,0.362562,-0.990489,0.061087,
53112.242188,-21.936653,-50.507942,0.048132,-0.071993,-2.175763,0.512137,-1.185501,0.119818,0.409287,-1.049796,0.092136,
53211.484375,-21.936653,-50.507942,0.030934,-0.089979,-2.182106,0.554883,-1.297873,0.128794,0.421400,-1.099082,0.090549,
53311.632812,-21.936653,-50.507942,0.006058,-0.123109,-2.200979,0.598528,-1.417488,0.125779,0.431436,-1.163788,0.010080,
53412.171875,-21.936653,-50.507942,0.003133,-0.114891,-2.223735,0.636608,-1.547747,0.120753,0.397680,-1.256329,-0.030141,
53512.074219,-21.936653,-50.507942,0.008424,-0.124540,-2.265461,0.660416,-1.688013,0.118891,0.291274,-1.353881,-0.022466,
53612.062500,-21.936653,-50.507942,0.022269,-0.119825,-2.319721,0.681932,-1.836441,0.124355,0.240535,-1.440813,0.028940,
53711.574219,-21.936653,-50.507942,0.022017,-0.109261,-2.406751,0.697181,-1.984225,0.136089,0.181836,-1.465498,0.087872,
53811.531250,-21.936653,-50.507942,0.025373,-0.104395,-2.510599,0.708028,-2.137493,0.144216,0.132929,-1.510289,0.083474,
53911.488281,-21.936653,-50.507942,0.024245,-0.097521,-2.626108,0.721479,-2.293803,0.144677,0.133981,-1.545492,0.030895,
54011.937500,-21.936653,-50.507942,0.007196,-0.083492,-2.748461,0.725141,-2.461091,0.147443,0.069074,-1.630420,0.028739,
54112.085938,-21.936653,-50.507942,-0.011213,-0.080189,-2.864781,0.710417,-2.633464,0.149793,-0.075136,-1.692626,0.025252,
54212.468750,-21.936653,-50.507942,-0.002912,-0.112305,-2.977605,0.688219,-2.814807,0.149141,-0.173032,-1.773166,0.004064,
54311.675781,-21.936653,-50.507942,0.024849,-0.121959,-3.062109,0.661938,-3.004387,0.148673,-0.232886,-1.854921,-0.001763,
54412.089844,-21.936653,-50.507942,0.058406,-0.091685,-3.136439,0.631451,-3.202609,0.157712,-0.280874,-1.939782,0.059670,
54511.718750,-21.936653,-50.507942,0.095119,-0.065845,3.072191,0.592829,-3.406777,0.163750,-0.351104,-2.007715,0.060148,
54611.476562,-21.936653,-50.507942,0.111900,-0.059366,2.998100,0.551773,-3.617680,0.169520,-0.390742,-2.075257,0.058512,
54711.773438,-21.936653,-50.507942,0.109269,-0.075612,2.929239,0.508219,-3.834871,0.171369,-0.420604,-2.139695,0.031832,
54811.589844,-21.936653,-50.507942,0.099725,-0.090109,2.869380,0.459224,-4.058256,0.173788,-0.466841,-2.202466,0.026740,
54911.742188,-21.936653,-50.507942,0.084150,-0.084671,2.801672,0.409488,-4.288432,0.179067,-0.487181,-2.268657,0.044103,
55011.960938,-21.936653,-50.507942,0.065503,-0.057987,2.725601,0.357521,-4.520835,0.184875,-0.508846,-2.305577,0.053420,
55112.097656,-21.936653,-50.507942,0.060873,-0.010477,2.654324,0.306818,-4.755734,0.186308,-0.507633,-2.334517,0.027365,
55212.113281,-21.936653,-50.507942,0.062837,0.015993,2.587207,0.260487,-4.990063,0.187784,-0.478082,-2.340365,0.018959,
55327.734375,-21.936653,-50.507942,0.067426,0.014123,2.513459,0.222352,-5.224432,0.185074,-0.413594,-2.342581,-0.011749,
55412.054688,-21.936653,-50.507942,0.075870,0.015668,2.420561,0.191691,-5.466195,0.189532,-0.342275,-2.392616,0.025808,
55512.304688,-21.936653,-50.507942,0.077826,0.023503,2.329928,0.166805,-5.718062,0.193353,-0.279999,-2.476654,0.034073,
55611.972656,-21.936560,-50.508080,0.085051,0.037743,2.260169,0.145760,-5.978695,0.194235,-0.233633,-2.563108,0.017239,
55711.964844,-21.936560,-50.508080,0.083231,0.040503,2.207374,0.128631,-6.243725,0.192225,-0.192071,-2.621235,-0.007655,
55811.441406,-21.936560,-50.508080,0.063010,0.021297,2.153332,0.116555,-6.513241,0.186729,-0.144529,-2.670519,-0.039190,
55911.617188,-21.936560,-50.508080,0.037634,0.003879,2.090283,0.106909,-6.782236,0.172456,-0.112481,-2.683469,-0.108217,
56012.218750,-21.936560,-50.508080,0.027354,0.004255,2.036252,0.100597,-7.046919,0.164717,-0.079574,-2.659044,-0.087665,
56112.500000,-21.936560,-50.508080,0.048304,0.013351,1.982643,0.090421,-7.309931,0.155977,-0.094367,-2.639762,-0.087492,
56212.265625,-21.936560,-50.508080,0.069073,0.015822,1.936551,0.076132,-7.575592,0.156395,-0.126712,-2.650993,-0.026373,
56312.242188,-21.936560,-50.508080,0.072669,0.010878,1.899505,0.057509,-7.843210,0.158912,-0.166393,-2.667786,0.007984,
56412.546875,-21.936560,-50.508080,0.063475,0.007766,1.874180,0.039989,-8.110648,0.149964,-0.172265,-2.672187,-0.056987,
56511.597656,-21.936560,-50.508080,0.048952,-0.001946,1.855856,0.027158,-8.385751,0.140864,-0.142960,-2.724749,-0.079661,
56612.023438,-21.936563,-50.508064,0.029223,-0.014712,1.839139,0.017965,-8.656196,0.116544,-0.108938,-2.711218,-0.188691,
56712.476562,-21.936563,-50.508064,0.006072,-0.009022,1.837559,0.012368,-8.928165,0.107839,-0.073631,-2.716868,-0.120931,
56812.468750,-21.936563,-50.508064,-0.012502,-0.001085,1.821617,0.021400,-9.202010,0.095949,0.035672,-2.731255,-0.119573,
56912.449219,-21.936563,-50.508064,-0.008826,0.013495,1.791057,0.031482,-9.482610,0.096571,0.079102,-2.781082,-0.035711,
57012.433594,-21.936563,-50.508064,-0.014401,0.022354,1.778372,0.045363,-9.768817,0.097909,0.118910,-2.835076,-0.002983,
57112.371094,-21.936563,-50.508064,-0.015306,0.009891,1.771969,0.063906,-10.060535,0.094046,0.163254,-2.889812,-0.026750,
57212.320312,-21.936563,-50.508064,-0.021942,-0.008786,1.758105,0.084558,-10.355576,0.085781,0.192103,-2.930207,-0.064015,
57312.234375,-21.936563,-50.508064,-0.030526,-0.008807,1.724386,0.110682,-10.654859,0.066831,0.238191,-2.971959,-0.147675,
57411.972656,-21.936563,-50.508064,-0.040033,0.011023,1.694358,0.148088,-10.949616,0.055423,0.328773,-2.955703,-0.125277,
57512.308594,-21.936563,-50.508064,-0.031770,0.018276,1.657827,0.187741,-11.247205,0.042848,0.373943,-2.969157,-0.125590,
57612.203125,-21.936556,-50.508064,-0.019917,0.022079,1.633062,0.229125,-11.547007,0.041393,0.400542,-2.988399,-0.051569,
57712.226562,-21.936556,-50.508064,-0.017085,0.015096,1.636273,0.269018,-11.848192,0.040901,0.399466,-3.004034,-0.020467,
57812.398438,-21.936556,-50.508064,-0.027968,0.013113,1.654244,0.313716,-12.154123,0.041112,0.431140,-3.040884,-0.005413,
57912.085938,-21.936556,-50.508064,-0.055661,0.000159,1.672446,0.368433,-12.458987,0.030099,0.508494,-3.046052,-0.075224,
58012.433594,-21.936556,-50.508064,-0.059730,0.008410,1.683571,0.435321,-12.765327,0.010968,0.615417,-3.057622,-0.152615,
58112.355469,-21.936556,-50.508064,-0.078201,0.003613,1.704069,0.516236,-13.075782,-0.001575,0.744572,-3.088901,-0.134495,
58212.566406,-21.936556,-50.508064,-0.065498,0.010392,1.720517,0.607918,-13.388155,-0.014501,0.859405,-3.112121,-0.131003,
58312.156250,-21.936556,-50.508064,-0.055133,0.033838,1.733790,0.701782,-13.707476,-0.013077,0.912226,-3.166181,-0.034176,
58412.367188,-21.936556,-50.508064,-0.053945,0.038150,1.741936,0.807024,-14.031095,-0.013082,1.005694,-3.212854,-0.011421,
58512.222656,-21.936556,-50.508064,-0.065447,0.009440,1.748215,0.921781,-14.359438,-0.019039,1.100276,-3.259906,-0.043525,
58608.605469,-21.936556,-50.508057,-0.072178,0.002823,1.744313,0.000000,0.000000,0.000000,0.000000,0.000000,0.000000,
58712.457031,-21.936556,-50.508057,-0.072948,0.036140,1.730640,0.012423,-0.000132,0.002697,0.082818,-0.000879,0.017978,
58812.203125,-21.936556,-50.508057,-0.086689,0.039900,1.728147,0.037729,0.006450,0.006663,0.196313,0.043587,0.032433,
58911.839844,-21.936556,-50.508057,-0.078452,0.028584,1.734738,0.074063,0.015159,0.006895,0.307665,0.072588,0.012362,
59012.292969,-21.936556,-50.508057,-0.073413,0.008147,1.758832,0.116944,0.032289,0.013799,0.388426,0.138397,0.050144,
59112.320312,-21.936556,-50.508057,-0.079432,0.001769,1.810472,0.168376,0.049894,0.016629,0.472358,0.163496,0.035584,
59212.527344,-21.936556,-50.508057,-0.079053,0.004376,1.860544,0.230390,0.069837,0.021256,0.570881,0.187452,0.042705,
59312.242188,-21.936556,-50.508057,-0.067583,0.013889,1.880017,0.312308,0.090542,0.029239,0.736413,0.200521,0.067454,
59412.160156,-21.936556,-50.508057,-0.067381,0.031210,1.888458,0.401584,0.113865,0.037232,0.840644,0.222322,0.075776,
59511.773438,-21.936556,-50.508057,-0.085389,0.039941,1.903659,0.500836,0.138112,0.043493,0.941897,0.235754,0.066999,
59612.343750,-21.936548,-50.508049,-0.112366,0.042516,1.926034,0.612206,0.160646,0.046625,1.056428,0.228816,0.043210,
59712.394531,-21.936548,-50.508049,-0.108441,0.050027,1.930633,0.732852,0.179832,0.045316,1.156453,0.204180,0.005678,
59811.246094,-21.936548,-50.508049,-0.080344,0.055631,1.926229,0.857144,0.197077,0.049412,1.214095,0.183022,0.029200,
59911.597656,-21.936548,-50.508049,-0.067503,0.054299,1.937660,0.988889,0.212203,0.059345,1.282997,0.161849,0.075952,
60008.105469,-21.936548,-50.508049,-0.079637,0.053755,1.952550,0.000000,0.000000,0.000000,0.000000,0.000000,0.000000,
60112.921875,-21.936548,-50.508049,-0.084852,0.075606,1.967601,0.017117,-0.005738,-0.005353,0.114112,-0.038255,-0.035683,
60212.558594,-21.936548,-50.508049,-0.064520,0.108222,1.976811,0.043646,-0.018500,-0.008078,0.214900,-0.097829,-0.030062,
60313.042969,-21.936548,-50.508049,-0.063217,0.101750,1.994887,0.074304,-0.028315,-0.001812,0.276015,-0.098041,0.031753,
60412.285156,-21.936548,-50.508049,-0.083814,0.080618,2.041735,0.113863,-0.035212,-0.000786,0.355738,-0.078662,0.017424,
60512.207031,-21.936548,-50.508049,-0.103155,0.073956,2.089126,0.165796,-0.048509,-0.004378,0.464794,-0.114865,-0.018139,
60612.269531,-21.936548,-50.508049,-0.120596,0.071969,2.123850,0.223746,-0.063711,-0.002118,0.541270,-0.139639,0.009020,
60712.398438,-21.936548,-50.508049,-0.132945,0.071183,2.152368,0.289622,-0.075684,0.000274,0.619593,-0.126368,0.018949,
60812.730469,-21.936548,-50.508049,-0.139490,0.070126,2.172302,0.361195,-0.094672,0.002059,0.683684,-0.168705,0.018217,
60911.910156,-21.936548,-50.508049,-0.145301,0.078714,2.181303,0.442641,-0.115522,0.002894,0.770870,-0.195235,0.011643,
61012.289062,-21.936548,-50.508049,-0.152699,0.086676,2.182623,0.531894,-0.137545,0.005132,0.851978,-0.211897,0.018798,
61112.324219,-21.936548,-50.508049,-0.156852,0.081632,2.184958,0.629869,-0.158548,0.006844,0.937154,-0.210657,0.017681,
61212.042969,-21.936548,-50.508049,-0.153713,0.068388,2.165731,0.734450,-0.182827,0.006628,1.009596,-0.232075,0.004451,
61312.601562,-21.936548,-50.508049,-0.146699,0.070066,2.168585,0.847986,-0.208558,0.005116,1.093439,-0.248902,-0.008595,
61411.992188,-21.936548,-50.508049,-0.145690,0.081849,2.164713,0.971196,-0.235139,0.007069,1.185879,-0.260170,0.010154,
61508.136719,-21.936548,-50.508049,-0.150272,0.082540,2.157045,0.000000,0.000000,0.000000,0.000000,0.000000,0.000000,
61612.738281,-21.936548,-50.508049,-0.151981,0.069367,2.157368,0.011745,-0.000462,-0.002645,0.078298,-0.003081,-0.017633,
61712.500000,-21.936548,-50.508049,-0.156716,0.064062,2.154541,0.036888,-0.003935,-0.005497,0.193724,-0.024179,-0.024892,
61812.808594,-21.936548,-50.508049,-0.161264,0.069615,2.147833,0.072317,-0.008014,-0.007787,0.300762,-0.035254,-0.023564,
61929.171875,-21.936548,-50.508049,-0.157392,0.068169,2.148590,0.117384,-0.013249,-0.008475,0.400701,-0.046652,-0.012438,
62012.820312,-21.936548,-50.508049,-0.147166,0.076280,2.145482,0.171763,-0.021429,-0.008592,0.496093,-0.070084,-0.004929,
62112.535156,-21.936548,-50.508049,-0.138670,0.087681,2.148786,0.234565,-0.031398,-0.008100,0.584049,-0.089820,0.001637,
62212.847656,-21.936548,-50.508049,-0.133569,0.090991,2.149703,0.308284,-0.044498,-0.007138,0.686144,-0.117274,0.006963,
62311.949219,-21.936548,-50.508049,-0.145314,0.086569,2.138754,0.391544,-0.059209,-0.005558,0.783776,-0.137168,0.012849,
62412.246094,-21.936548,-50.508049,-0.169317,0.090463,2.110661,0.488277,-0.077991,-0.008888,0.906146,-0.170934,-0.017915,
62512.070312,-21.936548,-50.508049,-0.187799,0.091074,2.077475,0.590943,-0.093170,-0.013834,0.986489,-0.158170,-0.038947,
62611.988281,-21.936552,-50.508057,-0.196892,0.075102,2.054332,0.700341,-0.107328,-0.018983,1.058149,-0.147111,-0.047308,
62712.078125,-21.936552,-50.508057,-0.197760,0.058165,2.026938,0.821536,-0.123771,-0.021575,1.160685,-0.158653,-0.033051,
62812.246094,-21.936552,-50.508057,-0.191548,0.057636,1.986256,0.955431,-0.141985,-0.019244,1.279529,-0.174311,0.004527,
62908.253906,-21.936552,-50.508057,-0.187800,0.063911,1.946757,0.000000,0.000000,0.000000,0.000000,0.000000,0.000000,
63013.007812,-21.936552,-50.508057,-0.175492,0.076589,1.907206,0.019323,-0.003570,0.000023,0.128820,-0.023800,0.000152,
63112.296875,-21.936552,-50.508057,-0.161342,0.086507,1.877674,0.050759,-0.008288,0.001911,0.252514,-0.039388,0.012641,
63212.316406,-21.936552,-50.508057,-0.159023,0.083408,1.863212,0.096485,-0.010545,0.003275,0.389013,-0.028174,0.013305,
63312.480469,-21.936552,-50.508057,-0.158498,0.080932,1.855873,0.154455,-0.009624,0.004256,0.516135,-0.003253,0.010975,
63412.378906,-21.936552,-50.508057,-0.159087,0.079132,1.867390,0.225251,-0.009416,0.004683,0.644020,0.000305,0.006506,
63512.265625,-21.936552,-50.508057,-0.151403,0.079066,1.891999,0.310739,-0.014689,0.002965,0.784594,-0.035053,-0.009288,
63612.429688,-21.936548,-50.508057,-0.137746,0.079113,1.917104,0.409230,-0.022355,0.005305,0.918136,-0.062791,0.012503,
63712.437500,-21.936548,-50.508057,-0.130529,0.085414,1.940845,0.517218,-0.029936,0.014695,1.025964,-0.071471,0.066773,
63811.878906,-21.936548,-50.508057,-0.133814,0.086836,1.956538,0.643925,-0.043452,0.025604,1.186705,-0.113929,0.094981,
63911.984375,-21.936548,-50.508057,-0.140650,0.099894,1.962689,0.789166,-0.057733,0.035672,1.363843,-0.133187,0.098782,
64012.152344,-21.936548,-50.508057,-0.154556,0.105367,1.989854,0.949548,-0.068181,0.045496,1.523827,-0.114046,0.098417,
64107.894531,-21.936548,-50.508057,-0.161604,0.106068,2.047073,0.000000,0.000000,0.000000,0.000000,0.000000,0.000000,
64211.832031,-21.936548,-50.508057,-0.149656,0.104115,2.124443,0.017635,0.002121,-0.002681,0.117570,0.014142,-0.017875,
64312.785156,-21.936548,-50.508057,-0.119812,0.112896,2.212239,0.049571,0.000722,-0.000950,0.252094,-0.004614,0.005580,
64412.921875,-21.936548,-50.508057,-0.101615,0.130687,2.298456,0.099060,-0.006532,0.008742,0.413955,-0.049900,0.066479,
64512.554688,-21.936548,-50.508057,-0.099882,0.150139,2.382436,0.168369,-0.016069,0.018813,0.600051,-0.080213,0.089294,
64612.371094,-21.936548,-50.508049,-0.090411,0.157186,2.458645,0.259970,-0.030424,0.026266,0.810687,-0.122436,0.079455,
64711.925781,-21.936548,-50.508049,-0.073216,0.169251,2.536240,0.369000,-0.051012,0.035953,0.997099,-0.178064,0.091067,
64812.019531,-21.936548,-50.508049,-0.054624,0.183981,2.618694,0.496355,-0.077439,0.047349,1.181398,-0.235537,0.106325,
64912.042969,-21.936548,-50.508049,-0.039864,0.190419,2.680242,0.646736,-0.107156,0.063882,1.396340,-0.276625,0.145663,
65012.054688,-21.936548,-50.508049,-0.050560,0.189436,2.733774,0.817205,-0.139265,0.081566,1.601906,-0.306269,0.166447,
65108.031250,-21.936548,-50.508049,-0.083742,0.179065,2.794331,0.000000,0.000000,0.000000,0.000000,0.000000,0.000000,
65212.558594,-21.936548,-50.508049,-0.117443,0.157139,2.836029,0.038280,0.001667,-0.008857,0.255200,0.011112,-0.059046,
65312.097656,-21.936548,-50.508049,-0.120266,0.163136,2.815997,0.097393,0.000692,-0.018942,0.479154,-0.002795,-0.086917,
65412.148438,-21.936548,-50.508049,-0.113531,0.153687,2.799047,0.159550,-0.003157,-0.023913,0.574097,-0.026595,-0.062111,
65512.367188,-21.936548,-50.508049,-0.094848,0.156005,2.837309,0.228562,-0.012662,-0.029693,0.651448,-0.072228,-0.059241,
65612.398438,-21.936552,-50.508049,-0.076626,0.172058,2.898079,0.316628,-0.029302,-0.018876,0.804254,-0.135009,0.052368,
65711.992188,-21.936552,-50.508049,-0.061838,0.158289,2.955409,0.417823,-0.052534,-0.007301,0.942715,-0.199884,0.094623,
65811.734375,-21.936552,-50.508049,-0.050887,0.138628,3.029085,0.530902,-0.084049,-0.007879,1.068101,-0.276730,0.027690,
65911.859375,-21.936552,-50.508049,-0.023451,0.122541,3.103757,0.654064,-0.119467,-0.026878,1.177114,-0.328362,-0.117428,
66012.015625,-21.936552,-50.508049,0.024830,0.118359,-3.116218,0.791691,-0.158391,-0.050963,1.309886,-0.368947,-0.199714,
66111.953125,-21.936552,-50.508049,0.087212,0.138031,-3.082617,0.937929,-0.196866,-0.062628,1.411545,-0.379481,-0.144336,
66208.171875,-21.936552,-50.508049,0.105024,0.154153,-3.064083,0.000000,0.000000,0.000000,0.000000,0.000000,0.000000,
66312.843750,-21.936552,-50.508049,0.095280,0.163855,-3.054208,0.022830,-0.006710,0.010419,0.152203,-0.044732,0.069459,
66412.453125,-21.936552,-50.508049,0.092487,0.145504,-3.057734,0.065400,-0.012018,0.004360,0.334530,-0.050298,-0.017242,
66512.351562,-21.936552,-50.508049,0.080736,0.131732,-3.044225,0.115204,-0.017520,-0.007795,0.443539,-0.053444,-0.086776,
66612.312500,-21.936552,-50.508057,0.069310,0.090825,-3.045170,0.166963,-0.023629,-0.034537,0.492904,-0.058544,-0.207209,
66712.007812,-21.936552,-50.508057,0.044389,0.037617,-3.060123,0.220079,-0.029513,-0.051738,0.518409,-0.058741,-0.183741,
66811.843750,-21.936552,-50.508057,0.046781,0.050539,-3.091060,0.281264,-0.042936,-0.060002,0.580701,-0.109068,-0.116338,
66911.960938,-21.936552,-50.508057,0.055083,0.080347,-3.105520,0.355372,-0.070120,-0.046483,0.687625,-0.217584,0.051346,
67012.375000,-21.936552,-50.508057,0.032983,0.087476,-3.096885,0.439846,-0.106942,-0.024521,0.792368,-0.318007,0.163527,
67112.515625,-21.936552,-50.508057,0.005164,0.076416,-3.076656,0.539383,-0.131224,-0.033257,0.927704,-0.267884,-0.003733,
67212.421875,-21.936552,-50.508057,0.016698,0.102366,-3.069208,0.652901,-0.154042,-0.053349,1.066017,-0.241411,-0.135187,
67312.234375,-21.936552,-50.508057,0.005311,0.095339,-3.056885,0.777945,-0.167347,-0.056658,1.188964,-0.169168,-0.067122,
67412.632812,-21.936552,-50.508057,-0.008150,0.097346,-3.054155,0.916119,-0.178721,-0.050627,1.317483,-0.132217,0.017831,
67508.390625,-21.936552,-50.508057,-0.000036,0.120780,-3.066288,0.000000,0.000000,0.000000,0.000000,0.000000,0.000000,
67613.218750,-21.936548,-50.508072,-0.004476,0.126604,-3.055932,0.017565,-0.002068,-0.006361,0.117102,-0.013788,-0.042408,
67712.242188,-21.936548,-50.508072,-0.013538,0.104609,-3.042410,0.056182,0.002101,-0.025034,0.296479,0.023201,-0.138624,
67812.109375,-21.936548,-50.508072,0.008260,0.107112,-3.075564,0.110358,0.005238,-0.035338,0.460000,0.028642,-0.114896,
67912.351562,-21.936548,-50.508072,0.013359,0.131500,-3.125666,0.179221,0.005853,-0.037747,0.612418,0.013647,-0.054359,
68012.789062,-21.936548,-50.508072,0.004209,0.140436,3.119018,0.261788,0.008573,-0.022190,0.754585,0.022685,0.085594,
68112.242188,-21.936548,-50.508072,-0.021302,0.118373,3.103716,0.355147,0.012182,-0.007631,0.873924,0.031625,0.125592,
68212.335938,-21.936548,-50.508072,-0.041322,0.085099,3.113998,0.457866,0.021840,-0.007259,0.976098,0.074929,0.044340,
68312.125000,-21.936548,-50.508072,-0.034353,0.108743,3.133390,0.580783,0.039166,-0.023883,1.144818,0.140481,-0.096043,
68412.585938,-21.936548,-50.508072,-0.012144,0.128318,-3.139494,0.717251,0.062493,-0.026158,1.291389,0.202337,-0.047183,
68528.617188,-21.936548,-50.508072,-0.009700,0.117891,-3.135078,0.864732,0.082440,-0.002314,1.413670,0.200429,0.143230,
68608.078125,-21.936548,-50.508072,-0.027615,0.101588,-3.140340,0.000000,0.000000,0.000000,0.000000,0.000000,0.000000,
68712.406250,-21.936548,-50.508072,-0.023765,0.095147,3.129107,0.017496,0.000617,-0.010313,0.116637,0.004114,-0.068751,
68812.507812,-21.936548,-50.508072,-0.003599,0.102944,3.113103,0.046356,-0.006076,-0.035592,0.231280,-0.043248,-0.191449,
68912.132812,-21.936548,-50.508072,0.019498,0.121414,3.073273,0.090057,-0.017142,-0.053981,0.368437,-0.088192,-0.186404,
69012.531250,-21.936548,-50.508072,0.022050,0.131863,3.014755,0.137983,-0.025116,-0.056579,0.442316,-0.082556,-0.079456,
69112.195312,-21.936548,-50.508072,-0.003751,0.099254,2.968836,0.190456,-0.032313,-0.049180,0.497257,-0.075501,0.022843,
69212.492188,-21.936548,-50.508072,-0.031502,0.064035,2.945370,0.254342,-0.040417,-0.049568,0.591659,-0.079189,0.005023,
69312.242188,-21.936548,-50.508072,-0.034079,0.057948,2.929935,0.333590,-0.051247,-0.064867,0.725543,-0.098596,-0.100316,
69412.390625,-21.936548,-50.508072,-0.008484,0.073517,2.917952,0.423874,-0.059962,-0.082994,0.843739,-0.090970,-0.154284,
69512.562500,-21.936548,-50.508072,0.002303,0.068101,2.914779,0.522155,-0.056348,-0.092942,0.936453,-0.006231,-0.117748,
69612.593750,-21.936544,-50.508064,-0.013415,0.073485,2.901121,0.633224,-0.055167,-0.084489,1.052610,0.005798,0.017101,
69711.710938,-21.936544,-50.508064,-0.042296,0.083461,2.873073,0.762729,-0.053790,-0.077694,1.214239,0.011113,0.050998,
69812.000000,-21.936544,-50.508064,-0.033116,0.061755,2.829416,0.899073,-0.050243,-0.079481,1.313703,0.027352,0.005090,
69907.859375,-21.936544,-50.508064,-0.023896,0.055269,2.794581,0.000000,0.000000,0.000000,0.000000,0.000000,0.000000,
70012.593750,-21.936544,-50.508064,-0.030573,0.064665,2.777122,0.013619,-0.002786,0.002626,0.090791,-0.018572,0.017504,
70112.515625,-21.936544,-50.508064,-0.040631,0.097729,2.733423,0.040133,-0.003827,0.014024,0.207027,-0.013132,0.081827,
70212.585938,-21.936544,-50.508064,-0.048349,0.104026,2.687538,0.075912,-0.005324,0.040456,0.307534,-0.014358,0.203487,
70312.078125,-21.936544,-50.508064,-0.049520,0.087202,2.656573,0.116783,-0.008138,0.058489,0.374984,-0.023542,0.188050,
70412.343750,-21.936544,-50.508064,-0.054997,0.065487,2.652464,0.167399,-0.008296,0.065377,0.462435,-0.008906,0.108605,
70512.656250,-21.936544,-50.508064,-0.040172,0.065689,2.641396,0.232247,0.000282,0.057519,0.586467,0.054222,-0.016187,
70611.945312,-21.936541,-50.508072,-0.028843,0.076689,2.621714,0.313835,0.014013,0.062635,0.739407,0.109613,0.028709,
70712.250000,-21.936541,-50.508072,-0.034058,0.092564,2.607920,0.406359,0.026797,0.082681,0.863299,0.121767,0.143207,
70811.476562,-21.936541,-50.508072,-0.071784,0.100048,2.596765,0.517516,0.038582,0.104524,1.028809,0.119153,0.193359,
70911.578125,-21.936541,-50.508072,-0.102926,0.081201,2.592174,0.641949,0.059308,0.117673,1.172492,0.177894,0.152114,
71011.984375,-21.936541,-50.508072,-0.112815,0.060965,2.594300,0.782931,0.076144,0.115529,1.330707,0.171538,0.036408,
71111.687500,-21.936541,-50.508072,-0.090889,0.080787,2.582311,0.938301,0.091575,0.114527,1.479373,0.160054,0.005460,
71208.070312,-21.936541,-50.508072,-0.070299,0.116515,2.571428,0.000000,0.000000,0.000000,0.000000,0.000000,0.000000,
71312.625000,-21.936541,-50.508072,-0.068006,0.117605,2.565729,0.018194,0.001300,0.021647,0.121296,0.008666,0.144316,
71412.257812,-21.936541,-50.508072,-0.086820,0.107586,2.583220,0.051904,0.003965,0.043701,0.265164,0.020655,0.195129,
71512.109375,-21.936541,-50.508072,-0.111673,0.107938,2.625609,0.104463,0.012265,0.056126,0.438783,0.062219,0.147873,
71612.640625,-21.936541,-50.508072,-0.103249,0.121795,2.677206,0.177999,0.030890,0.047942,0.636496,0.144908,-0.005264,
71712.156250,-21.936541,-50.508072,-0.077504,0.137892,2.725433,0.272646,0.052184,0.055505,0.843145,0.190259,0.048667,
71812.171875,-21.936541,-50.508072,-0.059166,0.153600,2.772444,0.380106,0.079119,0.073711,0.997452,0.242987,0.137595,
71911.125000,-21.936541,-50.508072,-0.071863,0.165280,2.831215,0.506660,0.104502,0.102492,1.176178,0.250218,0.237738,
72011.484375,-21.936541,-50.508072,-0.087007,0.155378,2.903203,0.652542,0.137648,0.123549,1.364600,0.304379,0.219621,
72111.531250,-21.936541,-50.508072,-0.088805,0.134025,2.974519,0.814958,0.171023,0.135948,1.537640,0.323958,0.155873,
72211.679688,-21.936541,-50.508072,-0.070722,0.168864,3.016552,0.993162,0.209784,0.151908,1.700577,0.366392,0.158352,
72308.414062,-21.936541,-50.508072,-0.060518,0.188070,3.023536,0.000000,0.000000,0.000000,0.000000,0.000000,0.000000,
72412.148438,-21.936541,-50.508072,-0.045108,0.186418,3.047935,0.020863,0.001222,0.008692,0.139090,0.008146,0.057944,
72512.109375,-21.936541,-50.508072,-0.050123,0.167133,3.096867,0.059432,0.004234,0.024341,0.303488,0.022796,0.123643,
72611.992188,-21.936544,-50.508072,-0.064060,0.157292,-3.130265,0.117889,0.014281,0.030804,0.490878,0.074576,0.084299,
72712.460938,-21.936544,-50.508072,-0.057844,0.167407,-3.073876,0.198128,0.037653,0.015110,0.698548,0.180674,-0.076526,
72811.992188,-21.936544,-50.508072,-0.023997,0.175514,-3.006053,0.301579,0.071729,0.010652,0.922526,0.287398,-0.055225,
72912.226562,-21.936544,-50.508072,0.005906,0.179921,-2.924458,0.421506,0.112923,0.022549,1.107017,0.370428,0.060900,
73011.765625,-21.936544,-50.508072,0.009515,0.179592,-2.845794,0.567243,0.163830,0.043048,1.340590,0.462856,0.156964,
73111.601562,-21.936544,-50.508072,-0.007560,0.164865,-2.785967,0.734471,0.225446,0.062474,1.561717,0.565055,0.181825,
73211.585938,-21.936544,-50.508072,-0.023783,0.128645,-2.726729,0.916989,0.295017,0.072762,1.737357,0.652160,0.129198,
73308.093750,-21.936544,-50.508072,-0.027317,0.128527,-2.678896,0.000000,0.000000,0.000000,0.000000,0.000000,0.000000,
73412.140625,-21.936544,-50.508072,-0.026868,0.155555,-2.617677,0.016232,0.012353,0.001998,0.108212,0.082350,0.013321,
73512.039062,-21.936544,-50.508072,-0.007770,0.135170,-2.541749,0.045314,0.034944,0.018579,0.229949,0.178063,0.114980,
73612.078125,-21.936556,-50.508072,-0.008143,0.099718,-2.448475,0.082279,0.059654,0.046392,0.323085,0.224085,0.223748,
73711.734375,-21.936556,-50.508072,-0.008341,0.073979,-2.343678,0.142073,0.088388,0.065169,0.506326,0.266258,0.199762,
73811.234375,-21.936556,-50.508072,0.028351,0.045610,-2.238292,0.220017,0.116895,0.073671,0.688402,0.278798,0.123269,
73911.875000,-21.936556,-50.508072,0.075432,0.038667,-2.110550,0.304613,0.155470,0.077552,0.793439,0.350094,0.066959,
74012.078125,-21.936556,-50.508072,0.083092,0.048898,-1.998325,0.389508,0.213234,0.094773,0.830448,0.501793,0.137128,
74111.695312,-21.936556,-50.508072,0.073599,0.036024,-1.913536,0.478767,0.278484,0.120747,0.871873,0.602264,0.218867,
74211.867188,-21.936556,-50.508072,0.053240,-0.006704,-1.816572,0.575923,0.345011,0.146355,0.938334,0.644271,0.243677,
74311.414062,-21.936556,-50.508072,0.020694,-0.054915,-1.723950,0.679308,0.417047,0.174520,1.002009,0.694996,0.268995,
74411.757812,-21.936556,-50.508072,-0.016314,-0.081434,-1.658006,0.788234,0.494650,0.195738,1.060179,0.749022,0.231118,
74511.406250,-21.936556,-50.508072,-0.026977,-0.102047,-1.604362,0.907449,0.564214,0.204215,1.148158,0.713431,0.133550,
74608.414062,-21.936556,-50.508057,-0.004971,-0.105391,-1.551584,0.000000,0.000000,0.000000,0.000000,0.000000,0.000000,
74712.546875,-21.936556,-50.508057,0.046816,-0.056099,-1.513036,0.004596,0.009199,0.010950,0.030642,0.061326,0.073003,
74812.273438,-21.936556,-50.508057,0.091960,-0.013740,-1.481189,0.027489,0.021717,0.025237,0.162831,0.103894,0.119575,
74912.273438,-21.936556,-50.508057,0.104204,-0.007963,-1.434528,0.062697,0.039581,0.047415,0.288995,0.153726,0.187717,
75011.937500,-21.936556,-50.508057,0.086807,-0.061413,-1.384660,0.102719,0.049935,0.071839,0.363148,0.120272,0.225399,
75112.265625,-21.936556,-50.508057,0.077594,-0.072109,-1.370481,0.156205,0.061330,0.092371,0.477618,0.116055,0.212008,
75211.906250,-21.936556,-50.508057,0.068898,-0.063121,-1.337813,0.226145,0.070403,0.115961,0.625473,0.099171,0.227939,
75312.265625,-21.936556,-50.508057,0.061855,-0.064809,-1.301477,0.306039,0.080188,0.150846,0.741119,0.098292,0.308545,
75411.921875,-21.936556,-50.508057,0.055628,-0.110132,-1.237661,0.394022,0.087926,0.185940,0.833592,0.084346,0.336808,
75511.695312,-21.936556,-50.508057,0.036678,-0.158844,-1.205490,0.495120,0.088438,0.231575,0.951850,0.031534,0.416503,
75612.117188,-21.936563,-50.508057,0.032345,-0.219842,-1.153428,0.616628,0.073686,0.264962,1.127336,-0.087841,0.361415,
75711.906250,-21.936563,-50.508057,0.065061,-0.247180,-1.114376,0.746694,0.069783,0.302963,1.242889,-0.055300,0.373814,
75811.742188,-21.936563,-50.508057,0.093223,-0.210075,-1.092835,0.879321,0.083436,0.337407,1.298477,0.072589,0.354234,
75908.187500,-21.936563,-50.508057,0.121744,-0.144978,-1.080290,0.000000,0.000000,0.000000,0.000000,0.000000,0.000000,
76012.734375,-21.936563,-50.508057,0.137373,-0.106243,-1.072945,0.015161,0.006855,0.002677,0.101076,0.045697,0.017848,
76112.625000,-21.936563,-50.508057,0.121258,-0.107823,-1.067950,0.042428,0.007560,0.005905,0.215471,0.019937,0.027468,
76229.093750,-21.936563,-50.508057,0.106550,-0.111738,-1.059309,0.087532,0.000866,-0.005525,0.372516,-0.037979,-0.067041,
76312.578125,-21.936563,-50.508057,0.097488,-0.109768,-1.057373,0.146705,-0.007293,-0.018059,0.518660,-0.067053,-0.105908,
76412.820312,-21.936563,-50.508057,0.098022,-0.080988,-1.056023,0.217202,-0.009392,-0.032261,0.642864,-0.036348,-0.129981,
76512.375000,-21.936563,-50.508057,0.130707,-0.029318,-1.125419,0.295307,-0.003537,-0.045763,0.734991,0.026918,-0.133344,
76612.273438,-21.936577,-50.508057,0.183862,0.013311,-1.219890,0.390429,0.005893,-0.065188,0.879142,0.071842,-0.173950,
76712.273438,-21.936577,-50.508057,0.188766,0.006065,-1.262909,0.493108,0.008787,-0.075833,0.977571,0.043238,-0.128945,
76812.218750,-21.936577,-50.508057,0.131978,-0.012701,-1.248827,0.604813,0.005849,-0.092522,1.070557,-0.005172,-0.154247,
76911.703125,-21.936577,-50.508057,0.096076,-0.044239,-1.234226,0.726686,0.011391,-0.111581,1.169343,0.035219,-0.178475,
77012.101562,-21.936577,-50.508057,0.086490,-0.027754,-1.227754,0.851410,0.030280,-0.124718,1.221269,0.137668,-0.147072,
77111.882812,-21.936577,-50.508057,0.100721,-0.005899,-1.213526,0.998020,0.042550,-0.138294,1.384490,0.127687,-0.139530,
77208.421875,-21.936577,-50.508057,0.108251,0.010576,-1.179082,0.000000,0.000000,0.000000,0.000000,0.000000,0.000000,
77313.843750,-21.936577,-50.508057,0.105904,0.008470,-1.158640,0.009641,0.007300,-0.001262,0.064276,0.048665,-0.008412,
77412.125000,-21.936577,-50.508057,0.101136,0.005279,-1.141432,0.029148,0.013123,-0.004019,0.151470,0.055044,-0.021182,
77512.742188,-21.936577,-50.508057,0.104039,0.014132,-1.132117,0.053720,0.022006,-0.008422,0.214304,0.077564,-0.036415,
77612.906250,-21.936592,-50.508049,0.106484,0.014447,-1.126298,0.089423,0.030426,-0.011159,0.309455,0.081992,-0.030386,
77712.046875,-21.936592,-50.508049,0.097609,0.004143,-1.124705,0.134583,0.040377,-0.016604,0.404219,0.093667,-0.046432,
77812.515625,-21.936592,-50.508049,0.092330,-0.001094,-1.124241,0.185099,0.049581,-0.017682,0.471512,0.092586,-0.022660,
77912.250000,-21.936592,-50.508049,0.089362,-0.001773,-1.127099,0.245395,0.061128,-0.023519,0.559140,0.107843,-0.046468,
78012.601562,-21.936592,-50.508049,0.092761,0.001054,-1.130181,0.313145,0.072262,-0.024480,0.638050,0.110170,-0.021899,
78112.085938,-21.936592,-50.508049,0.081174,-0.014491,-1.134276,0.390762,0.083660,-0.029539,0.730132,0.112712,-0.041027,
78213.070312,-21.936592,-50.508049,0.083939,-0.015114,-1.133000,0.476232,0.102568,-0.035800,0.813177,0.163621,-0.055410,
78312.304688,-21.936592,-50.508049,0.083483,-0.021313,-1.105240,0.571197,0.126144,-0.039769,0.904160,0.211716,-0.044934,
78412.351562,-21.936592,-50.508049,0.072014,-0.023008,-1.129720,0.671809,0.130469,-0.038478,0.972130,0.099403,-0.006369,
78511.898438,-21.936592,-50.508049,0.057227,-0.026069,-1.127947,0.778151,0.142178,-0.042232,1.032990,0.111197,-0.027151,
78612.531250,-21.936592,-50.508057,0.046218,-0.024705,-1.129217,0.893099,0.152433,-0.046874,1.110649,0.105431,-0.039994,
78709.015625,-21.936592,-50.508057,0.046511,-0.023992,-1.130533,0.000000,0.000000,0.000000,0.000000,0.000000,0.000000,
78813.210938,-21.936592,-50.508057,0.044001,-0.023565,-1.131906,0.009873,0.000176,-0.000499,0.065820,0.001173,-0.003329,
78913.632812,-21.936592,-50.508057,0.042573,-0.022895,-1.133252,0.026906,0.000207,-0.000981,0.135492,0.000596,-0.004319,
79013.085938,-21.936592,-50.508057,0.039821,-0.022476,-1.134579,0.050518,0.000520,-0.002235,0.202576,0.002285,-0.009799,
79113.257812,-21.936592,-50.508057,0.037480,-0.021865,-1.135806,0.079607,0.000612,-0.003037,0.261455,0.001377,-0.008618,
79213.125000,-21.936592,-50.508057,0.036266,-0.021565,-1.134115,0.115299,-0.000912,-0.004200,0.325096,-0.009704,-0.010620,
79312.804688,-21.936592,-50.508057,0.028430,-0.044008,-1.089261,0.155378,-0.004798,-0.005697,0.375561,-0.029141,-0.013521,
79412.820312,-21.936592,-50.508057,0.026991,-0.071554,-1.073336,0.188634,-0.003003,-0.007317,0.346897,0.002253,-0.015311,
79512.773438,-21.936592,-50.508057,0.024803,-0.116208,-1.099664,0.237529,0.001759,-0.008989,0.441592,0.032500,-0.016247,
79612.695312,-21.936588,-50.508064,0.009600,-0.177294,-1.084370,0.281559,-0.008495,-0.013083,0.440731,-0.057524,-0.032711,
79712.031250,-21.936588,-50.508064,-0.019388,-0.191798,-1.063399,0.337880,-0.003448,-0.023767,0.522384,0.014473,-0.082131,
79812.062500,-21.936588,-50.508064,-0.047517,-0.153054,-0.999922,0.399581,0.004191,-0.034421,0.585468,0.055749,-0.098400,
79911.796875,-21.936588,-50.508064,-0.105565,-0.156712,-0.921037,0.463921,0.019341,-0.051643,0.624092,0.119583,-0.147614,
80012.242188,-21.936588,-50.508064,-0.157738,-0.155365,-0.831456,0.532772,0.028858,-0.053914,0.667037,0.103306,-0.064343,
80112.718750,-21.936588,-50.508064,-0.208911,-0.133541,-0.745252,0.610533,0.034027,-0.058463,0.740749,0.068897,-0.051780,
80212.703125,-21.936588,-50.508064,-0.223328,-0.113820,-0.678935,0.703435,0.029170,-0.061299,0.866268,-0.009414,-0.036163,
80311.632812,-21.936588,-50.508064,-0.243978,-0.061515,-0.636805,0.794809,0.010222,-0.085680,0.897912,-0.129460,-0.174595,
80412.460938,-21.936588,-50.508064,-0.277799,-0.033051,-0.630187,0.885895,-0.018277,-0.093815,0.906547,-0.233149,-0.112434,
80512.351562,-21.936588,-50.508064,-0.302742,-0.040780,-0.625414,0.975907,-0.053762,-0.106299,0.902258,-0.314283,-0.120704,
80608.515625,-21.936592,-50.508064,-0.324746,-0.031159,-0.616005,0.000000,0.000000,0.000000,0.000000,0.000000,0.000000,
80711.945312,-21.936592,-50.508064,-0.347515,-0.062144,-0.595480,0.016887,-0.006237,0.012750,0.112580,-0.041582,0.085000,
80812.296875,-21.936592,-50.508064,-0.366260,-0.096807,-0.566863,0.036649,-0.018515,0.022811,0.169273,-0.095709,0.095410,
80912.125000,-21.936592,-50.508064,-0.400921,-0.116310,-0.543292,0.062355,-0.022953,0.041564,0.227799,-0.061490,0.156822,
81012.382812,-21.936592,-50.508064,-0.417436,-0.086906,-0.503226,0.083942,-0.023895,0.076979,0.219847,-0.026780,0.288375,
81112.429688,-21.936592,-50.508064,-0.372319,-0.077619,-0.509877,0.112406,-0.026516,0.141067,0.263044,-0.026399,0.523375,
81212.031250,-21.936592,-50.508064,-0.356718,-0.116714,-0.522860,0.148482,-0.036746,0.191853,0.328184,-0.076999,0.513032,
81311.851562,-21.936592,-50.508064,-0.263760,-0.053184,-0.551642,0.194775,-0.047297,0.237227,0.418016,-0.096007,0.473503,
81412.031250,-21.936592,-50.508064,-0.291013,-0.092243,-0.574002,0.248385,-0.060005,0.278138,0.496741,-0.116725,0.430579,
81511.789062,-21.936592,-50.508064,-0.181596,-0.099849,-0.619710,0.306769,-0.080463,0.329174,0.554802,-0.175293,0.483761,
81612.132812,-21.936602,-50.508057,-0.120360,-0.094181,-0.680161,0.369899,-0.098755,0.376621,0.605803,-0.180377,0.477570,
81712.132812,-21.936602,-50.508057,-0.094655,-0.198836,-0.717471,0.448026,-0.123829,0.423554,0.722784,-0.227284,0.472075,
81811.414062,-21.936602,-50.508057,-0.028570,-0.251836,-0.737658,0.542686,-0.150316,0.456087,0.871993,-0.252340,0.374249,
81911.937500,-21.936602,-50.508057,0.022320,-0.251569,-0.760986,0.635049,-0.178969,0.481768,0.906413,-0.275133,0.295954,
82011.921875,-21.936602,-50.508057,0.044918,-0.219640,-0.774638,0.730216,-0.210148,0.509974,0.936587,-0.299572,0.286693,
82112.015625,-21.936602,-50.508057,0.022444,-0.212598,-0.763590,0.831316,-0.250965,0.540432,0.986193,-0.371975,0.298616,
82212.148438,-21.936602,-50.508057,0.016165,-0.208115,-0.745249,0.938689,-0.285943,0.568621,1.044557,-0.357178,0.287462,
82308.531250,-21.936602,-50.508057,0.013592,-0.207566,-0.749237,0.000000,0.000000,0.000000,0.000000,0.000000,0.000000,
82413.273438,-21.936602,-50.508057,0.015593,-0.204554,-0.758071,0.009056,-0.003764,0.000116,0.060372,-0.025091,0.000772,
82513.187500,-21.936602,-50.508057,0.016892,-0.203435,-0.762230,0.024568,-0.009525,0.000321,0.123541,-0.046773,0.001625,
82613.039062,-21.936605,-50.508041,0.014413,-0.204034,-0.758078,0.045983,-0.019114,0.000658,0.183941,-0.079515,0.002788,
82712.812500,-21.936605,-50.508041,0.015491,-0.202528,-0.765815,0.074109,-0.029650,0.001174,0.248823,-0.096746,0.004373,
82840.609375,-21.936605,-50.508041,0.035418,-0.196599,-0.793268,0.110410,-0.042074,0.000015,0.324949,-0.115078,-0.006269,
82912.710938,-21.936605,-50.508041,0.059122,-0.196756,-0.792506,0.154053,-0.056382,0.000726,0.399267,-0.133743,0.002648,
83012.218750,-21.936605,-50.508041,0.096226,-0.194781,-0.798403,0.204656,-0.070721,0.002653,0.470443,-0.140178,0.013729,
83112.148438,-21.936605,-50.508041,0.060500,-0.195815,-0.797923,0.259954,-0.090501,0.004298,0.525471,-0.178589,0.015540,
83212.328125,-21.936605,-50.508041,0.047733,-0.196203,-0.797869,0.324094,-0.110041,0.004191,0.602754,-0.189797,0.004469,
83312.304688,-21.936605,-50.508041,0.031790,-0.196189,-0.802463,0.394313,-0.131982,0.004506,0.669045,-0.209539,0.003591,
83412.523438,-21.936605,-50.508041,0.028496,-0.195741,-0.805097,0.471400,-0.155958,0.004827,0.736931,-0.229689,0.003338,
83512.984375,-21.936605,-50.508041,0.027871,-0.195725,-0.806978,0.555194,-0.181827,0.005449,0.804269,-0.249019,0.005260,
83612.804688,-21.936605,-50.508041,0.027322,-0.195496,-0.809314,0.645797,-0.209736,0.006174,0.872108,-0.269071,0.006584,
83712.078125,-21.936605,-50.508041,0.020372,-0.192387,-0.813903,0.741650,-0.239578,0.007769,0.929725,-0.288635,0.012829,
83812.257812,-21.936605,-50.508041,0.019242,-0.192795,-0.815021,0.844648,-0.272487,0.008713,0.996563,-0.315607,0.010572,
83913.039062,-21.936605,-50.508041,0.019336,-0.192776,-0.816806,0.954559,-0.306868,0.009857,1.064926,-0.334408,0.011146,
84008.171875,-21.936605,-50.508041,0.022093,-0.193353,-0.818528,0.000000,0.000000,0.000000,0.000000,0.000000,0.000000,
84112.937500,-21.936605,-50.508041,0.025014,-0.193081,-0.821013,0.010425,-0.002558,0.000393,0.069502,-0.017053,0.002618,
84212.695312,-21.936605,-50.508041,0.023732,-0.193622,-0.825808,0.025544,-0.009714,0.001409,0.123958,-0.053392,0.007647,
84312.773438,-21.936605,-50.508041,0.022443,-0.192960,-0.831846,0.047859,-0.017855,0.002139,0.190085,-0.072071,0.007419,
84412.710938,-21.936605,-50.508041,0.013966,-0.190993,-0.831567,0.075107,-0.029743,0.003319,0.245019,-0.103275,0.010335,
84512.648438,-21.936605,-50.508041,0.011277,-0.186610,-0.834283,0.110573,-0.042460,0.004027,0.318108,-0.119207,0.008170,
84612.617188,-21.936605,-50.508041,0.012512,-0.188830,-0.834099,0.151770,-0.057584,0.005148,0.380686,-0.140564,0.010192,
84712.890625,-21.936605,-50.508041,0.011326,-0.189004,-0.836191,0.198593,-0.075520,0.006703,0.439048,-0.166425,0.013769,
84812.203125,-21.936605,-50.508041,0.008526,-0.188045,-0.839394,0.251591,-0.096079,0.008158,0.499666,-0.192534,0.014289,
84912.515625,-21.936605,-50.508041,0.008240,-0.188235,-0.840778,0.310407,-0.119271,0.009703,0.558667,-0.218790,0.015064,
85012.976562,-21.936605,-50.508041,0.009968,-0.188778,-0.842599,0.375198,-0.145059,0.011281,0.618160,-0.244855,0.015538,
85112.437500,-21.936605,-50.508041,0.008786,-0.188559,-0.844798,0.445880,-0.173528,0.012866,0.677268,-0.271410,0.015748,
85212.312500,-21.936605,-50.508041,0.009550,-0.188817,-0.846787,0.522459,-0.204762,0.014294,0.736283,-0.298693,0.014767,
85312.546875,-21.936605,-50.508041,0.009698,-0.188928,-0.848843,0.604865,-0.238847,0.015972,0.794802,-0.326800,0.016109,
85412.789062,-21.936605,-50.508041,0.008414,-0.188953,-0.850932,0.692267,-0.275819,0.018827,0.847612,-0.355411,0.024404,
85512.414062,-21.936605,-50.508041,0.008484,-0.189033,-0.853332,0.786066,-0.315600,0.020752,0.907863,-0.383679,0.020969,
85612.796875,-21.936605,-50.508041,0.007890,-0.188967,-0.855672,0.885286,-0.358137,0.022875,0.964087,-0.411473,0.021140,
85712.656250,-21.936605,-50.508041,0.007772,-0.188900,-0.857832,0.990295,-0.403571,0.025023,1.021424,-0.440051,0.021366,
85809.031250,-21.936605,-50.508041,0.007460,-0.188886,-0.860043,0.000000,0.000000,0.000000,0.000000,0.000000,0.000000,
85913.578125,-21.936605,-50.508041,0.007220,-0.188850,-0.862124,0.008358,-0.004367,0.000050,0.055722,-0.029112,0.000334,
86013.101562,-21.936605,-50.508041,0.007006,-0.188814,-0.864275,0.022266,-0.011730,0.000185,0.111292,-0.058793,0.001010,
86113.593750,-21.936605,-50.508041,0.006770,-0.188740,-0.866455,0.041587,-0.022265,0.000329,0.165907,-0.089828,0.001295,
86213.039062,-21.936605,-50.508041,0.006583,-0.188626,-0.868651,0.066403,-0.035709,0.000471,0.220742,-0.119574,0.001383,
86313.484375,-21.936605,-50.508041,0.006326,-0.188504,-0.870784,0.096633,-0.052185,0.000602,0.275109,-0.149697,0.001331,
86413.109375,-21.936605,-50.508041,0.006173,-0.188420,-0.872962,0.132439,-0.071798,0.000777,0.330413,-0.180648,0.001613,
86513.015625,-21.936605,-50.508041,0.006012,-0.188325,-0.875146,0.173661,-0.094428,0.000851,0.384947,-0.211087,0.001029,
86613.000000,-21.936605,-50.508041,0.005886,-0.188203,-0.877349,0.220062,-0.120171,0.000964,0.437659,-0.241983,0.001098,
86712.812500,-21.936605,-50.508041,0.005608,-0.188151,-0.879502,0.271845,-0.149248,0.001116,0.491104,-0.274503,0.001375,
86812.796875,-21.936605,-50.508041,0.005361,-0.188101,-0.881654,0.328940,-0.181307,0.001390,0.544337,-0.305230,0.002286,
86912.929688,-21.936605,-50.508041,0.005159,-0.188037,-0.883700,0.391396,-0.216506,0.001683,0.597821,-0.336405,0.002716,
87012.273438,-21.936605,-50.508041,0.004981,-0.188047,-0.885849,0.459130,-0.255000,0.002036,0.650831,-0.368760,0.003257,
87112.992188,-21.936605,-50.508041,0.004729,-0.188082,-0.887980,0.532300,-0.296585,0.002464,0.704741,-0.400152,0.003942,
87213.218750,-21.936605,-50.508041,0.004455,-0.188171,-0.890080,0.610483,-0.341549,0.002809,0.756138,-0.433146,0.003612,
87312.601562,-21.936605,-50.508041,0.004230,-0.188210,-0.892163,0.693939,-0.390016,0.003189,0.808417,-0.467496,0.003737,
87412.726562,-21.936605,-50.508041,0.004079,-0.188232,-0.894288,0.782338,-0.441640,0.003623,0.858798,-0.499994,0.004139,
87512.796875,-21.936605,-50.508041,0.003889,-0.188190,-0.896411,0.875836,-0.496766,0.004137,0.909586,-0.534172,0.004806,
87612.929688,-21.936605,-50.508041,0.003705,-0.188116,-0.898538,0.974548,-0.555213,0.004664,0.961275,-0.567699,0.005120,
87708.812500,-21.936605,-50.508041,0.003465,-0.188028,-0.900684,0.000000,0.000000,0.000000,0.000000,0.000000,0.000000,
87813.226562,-21.936605,-50.508041,0.003291,-0.187947,-0.902803,0.007717,-0.004955,-0.000191,0.051449,-0.033036,-0.001275,
87913.617188,-21.936605,-50.508041,0.003062,-0.187845,-0.904906,0.020531,-0.013324,-0.000301,0.102571,-0.066800,-0.001154,
88013.679688,-21.936605,-50.508041,0.002819,-0.187812,-0.907014,0.038167,-0.025179,-0.000391,0.151765,-0.101302,-0.000988,
88113.250000,-21.936605,-50.508041,0.002624,-0.187709,-0.909199,0.060789,-0.040380,-0.000341,0.201401,-0.135108,0.000002,
88213.335938,-21.936605,-50.508041,0.002425,-0.187647,-0.911430,0.088495,-0.059245,-0.000449,0.251840,-0.170804,-0.000717,
88313.695312,-21.936605,-50.508041,0.002166,-0.187596,-0.913582,0.121374,-0.081287,-0.000514,0.303141,-0.203883,-0.000674,
88412.828125,-21.936605,-50.508041,0.001966,-0.187533,-0.915687,0.159090,-0.106644,-0.000610,0.352488,-0.237003,-0.000862,
88512.960938,-21.936605,-50.508041,0.001741,-0.187476,-0.917805,0.201700,-0.135741,-0.000749,0.401562,-0.272980,-0.001213,
88613.070312,-21.936605,-50.508041,0.001600,-0.187414,-0.919872,0.248943,-0.168267,-0.000897,0.448806,-0.307837,-0.001391,
88712.734375,-21.936605,-50.508041,0.001493,-0.187359,-0.922034,0.300843,-0.204397,-0.000762,0.495602,-0.343480,0.000436,
88813.398438,-21.936605,-50.508041,0.001342,-0.187290,-0.924186,0.357761,-0.243698,-0.000609,0.544654,-0.376499,0.001162,
88912.945312,-21.936605,-50.508041,0.001111,-0.187212,-0.926354,0.419703,-0.286628,-0.000472,0.594503,-0.411700,0.001301,
89013.265625,-21.936605,-50.508041,0.000869,-0.187118,-0.928467,0.486388,-0.333091,-0.000360,0.642733,-0.446987,0.001185,
89113.296875,-21.936605,-50.508041,0.000687,-0.187012,-0.930529,0.557681,-0.383217,-0.000355,0.689526,-0.483168,0.000425,
89213.078125,-21.936605,-50.508041,0.000520,-0.186920,-0.932632,0.633532,-0.437196,-0.000286,0.735520,-0.520917,0.000603,
89312.515625,-21.936605,-50.508041,0.005316,-0.185754,-0.933796,0.714446,-0.494475,-0.000148,0.784597,-0.555499,0.001123,
89428.429688,-21.936605,-50.508041,0.000235,-0.186073,-0.936473,0.798963,-0.555708,0.001570,0.824984,-0.593388,0.011824,
89512.828125,-21.936605,-50.508041,0.000290,-0.186170,-0.938652,0.888706,-0.620314,0.002672,0.873278,-0.628498,0.011289,
89612.523438,-21.936605,-50.508041,0.000029,-0.186107,-0.940745,0.983020,-0.688670,0.003741,0.919850,-0.665206,0.010891,
89708.914062,-21.936605,-50.508041,-0.003048,-0.185660,-0.943716,0.000000,0.000000,0.000000,0.000000,0.000000,0.000000,
89813.296875,-21.936605,-50.508041,-0.002312,-0.186099,-0.945374,0.006152,-0.005962,0.000585,0.041012,-0.039747,0.003903,
89913.289062,-21.936605,-50.508041,-0.001572,-0.187238,-0.941328,0.013708,-0.013243,-0.000191,0.064043,-0.061790,-0.003876,
90013.000000,-21.936605,-50.508041,-0.005438,-0.187300,-0.927016,0.040236,-0.022472,-0.001872,0.198201,-0.082124,-0.012499,
90113.171875,-21.936605,-50.508041,0.017221,-0.186460,-0.911690,0.056059,-0.043737,-0.002235,0.171554,-0.169137,-0.006582,
90212.460938,-21.936605,-50.508041,-0.008683,-0.182526,-0.877985,0.081197,-0.063469,-0.004115,0.224772,-0.187928,-0.014732,
90313.039062,-21.936605,-50.508041,-0.005173,-0.179196,-0.849263,0.109934,-0.091296,-0.005726,0.266507,-0.248154,-0.015649,
90412.601562,-21.936605,-50.508041,0.010250,-0.175729,-0.855512,0.141370,-0.123818,-0.003983,0.298407,-0.299533,0.006403,
90512.546875,-21.936605,-50.508041,0.017686,-0.173010,-0.845930,0.181244,-0.155578,-0.006525,0.365295,-0.311580,-0.014811,
90611.968750,-21.936605,-50.508041,0.040953,-0.192596,-0.836348,0.226458,-0.186465,-0.010876,0.423194,-0.309769,-0.033943,
90712.273438,-21.936605,-50.508041,0.023792,-0.220477,-0.840200,0.269659,-0.228862,-0.010845,0.429072,-0.385905,-0.011111,
90812.445312,-21.936605,-50.508041,0.046977,-0.228328,-0.828331,0.327225,-0.264974,-0.011785,0.526799,-0.369379,-0.009965,
90912.601562,-21.936605,-50.508041,0.031648,-0.210028,-0.806639,0.390024,-0.306850,-0.011719,0.594259,-0.402302,-0.002886,
91012.453125,-21.936605,-50.508041,0.029628,-0.154077,-0.816805,0.450344,-0.358596,-0.009770,0.600219,-0.479074,0.012034,
91112.125000,-21.936605,-50.508041,0.094291,-0.003717,-0.824493,0.514153,-0.396097,-0.009166,0.625464,-0.409698,0.008036,
91212.445312,-21.936605,-50.508041,0.066525,-0.004557,-0.827649,0.579749,-0.441652,-0.007729,0.645798,-0.440267,0.012257,
91312.750000,-21.936605,-50.508041,0.052921,-0.001910,-0.838271,0.651212,-0.488135,-0.011717,0.691682,-0.456643,-0.022496,
91412.726562,-21.936605,-50.508041,0.058930,-0.009374,-0.845190,0.728765,-0.538017,-0.005505,0.747582,-0.484758,0.033912,
91511.914062,-21.936605,-50.508041,0.038030,-0.036529,-0.809150,0.818722,-0.590394,-0.003362,0.848908,-0.510767,0.025587,
91612.960938,-21.936605,-50.508041,0.012276,-0.037369,-0.765863,0.902702,-0.655464,-0.001448,0.842833,-0.604059,0.021288,
91712.156250,-21.936605,-50.508041,-0.030076,-0.044909,-0.766201,0.986992,-0.724967,0.001428,0.842880,-0.664701,0.026272,
91808.671875,-21.936605,-50.508041,-0.029945,-0.045118,-0.768441,0.000000,0.000000,0.000000,0.000000,0.000000,0.000000,
91913.460938,-21.936605,-50.508041,-0.030174,-0.045234,-0.770714,0.004971,-0.006253,-0.000421,0.033142,-0.041686,-0.002806,
92013.203125,-21.936605,-50.508041,-0.030219,-0.045281,-0.772983,0.013280,-0.016609,-0.001055,0.066439,-0.082937,-0.005163,
92113.375000,-21.936605,-50.508041,-0.030400,-0.045393,-0.775221,0.024931,-0.031316,-0.001948,0.099821,-0.125689,-0.007673,
92213.343750,-21.936605,-50.508041,-0.030516,-0.045461,-0.777478,0.039841,-0.050307,-0.002871,0.132672,-0.168506,-0.008713,
92313.171875,-21.936605,-50.508041,-0.030639,-0.045502,-0.779741,0.057792,-0.073602,-0.004083,0.163896,-0.211468,-0.010986,
92413.062500,-21.936605,-50.508041,-0.030763,-0.045600,-0.781975,0.079070,-0.101272,-0.005440,0.196484,-0.254957,-0.012706,
92512.882812,-21.936605,-50.508041,-0.030864,-0.045674,-0.784237,0.103655,-0.133299,-0.006864,0.229399,-0.298500,-0.013727,
92613.218750,-21.936605,-50.508041,-0.030960,-0.045760,-0.786541,0.131581,-0.169701,-0.008485,0.262635,-0.342175,-0.015383,
92713.179688,-21.936605,-50.508041,-0.031092,-0.045874,-0.788792,0.162755,-0.210473,-0.010298,0.295373,-0.385875,-0.017213,
92812.562500,-21.936605,-50.508041,-0.030133,-0.045795,-0.790594,0.197203,-0.255220,-0.013389,0.328112,-0.426934,-0.026346,
92912.367188,-21.936605,-50.508041,-0.031130,-0.045986,-0.792556,0.233510,-0.305424,-0.014195,0.351419,-0.477006,-0.014157,
93012.765625,-21.936605,-50.508041,-0.031328,-0.046128,-0.794832,0.273439,-0.359833,-0.016063,0.383331,-0.521728,-0.017171,
93112.992188,-21.936605,-50.508041,-0.031647,-0.046243,-0.797042,0.316409,-0.418698,-0.017932,0.414243,-0.566344,-0.018185,
93212.523438,-21.936605,-50.508041,-0.032559,-0.046441,-0.799299,0.362792,-0.482035,-0.020053,0.447302,-0.611026,-0.020198,
93312.750000,-21.936605,-50.508041,-0.033117,-0.046630,-0.801145,0.412496,-0.549729,-0.022325,0.480461,-0.654975,-0.021878,
93412.359375,-21.936605,-50.508041,-0.032154,-0.046488,-0.803366,0.465523,-0.621696,-0.024820,0.513670,-0.698100,-0.023928,
93512.671875,-21.936605,-50.508041,-0.033073,-0.046729,-0.805567,0.521559,-0.698428,-0.027406,0.544796,-0.744251,-0.025220,
93612.984375,-21.936605,-50.508041,-0.033224,-0.046691,-0.807780,0.580520,-0.779817,-0.030012,0.574666,-0.790672,-0.025774,
93712.804688,-21.936605,-50.508041,-0.032792,-0.046680,-0.810017,0.642292,-0.865852,-0.032344,0.603373,-0.837125,-0.024140,
93813.140625,-21.936605,-50.508041,-0.033480,-0.046909,-0.812152,0.707262,-0.956568,-0.034903,0.634257,-0.883814,-0.025106,
93912.210938,-21.936605,-50.508041,-0.033823,-0.047062,-0.814322,0.775505,-1.051749,-0.037704,0.666371,-0.929144,-0.027043,
94012.640625,-21.936605,-50.508041,-0.034029,-0.047085,-0.816595,0.846859,-1.151428,-0.040748,0.697816,-0.974247,-0.029306,
94112.507812,-21.936605,-50.508041,-0.034060,-0.047136,-0.818799,0.921240,-1.255746,-0.043767,0.728481,-1.020196,-0.029894,
94212.875000,-21.936605,-50.508041,-0.034207,-0.047241,-0.821010,0.998651,-1.364710,-0.046874,0.758897,-1.066495,-0.030679,
94308.726562,-21.936605,-50.508041,-0.034311,-0.047304,-0.823176,0.000000,0.000000,0.000000,0.000000,0.000000,0.000000,
94413.742188,-21.936605,-50.508041,-0.034454,-0.047374,-0.825359,0.004565,-0.007032,-0.000171,0.030432,-0.046881,-0.001137,
94513.257812,-21.936605,-50.508041,-0.034566,-0.047390,-0.827573,0.012179,-0.018807,-0.000408,0.060906,-0.094124,-0.001964,
94613.398438,-21.936605,-50.508041,-0.034709,-0.047477,-0.829826,0.022779,-0.035292,-0.000773,0.090968,-0.141275,-0.003084,
94713.101562,-21.936605,-50.508041,-0.034781,-0.047503,-0.832016,0.036319,-0.056442,-0.001289,0.120593,-0.188094,-0.004472,
94813.093750,-21.936605,-50.508041,-0.034863,-0.047553,-0.834220,0.052996,-0.082232,-0.001776,0.151377,-0.234631,-0.004738,
94913.421875,-21.936605,-50.508041,-0.034946,-0.047586,-0.836458,0.072226,-0.112892,-0.002637,0.178656,-0.282611,-0.007316,
95012.812500,-21.936605,-50.508041,-0.035026,-0.047691,-0.838619,0.094524,-0.148171,-0.003908,0.208205,-0.329394,-0.010910,
95113.117188,-21.936605,-50.508041,-0.035052,-0.047700,-0.840806,0.119764,-0.188365,-0.005139,0.237671,-0.377761,-0.011845,
95213.070312,-21.936605,-50.508041,-0.035122,-0.047755,-0.842984,0.147926,-0.232938,-0.006706,0.266969,-0.423075,-0.014393,
95312.968750,-21.936605,-50.508041,-0.035279,-0.047717,-0.845210,0.179167,-0.282731,-0.008295,0.297265,-0.472977,-0.015391,
95412.734375,-21.936605,-50.508041,-0.035361,-0.047749,-0.847397,0.213290,-0.337477,-0.009842,0.326571,-0.522630,-0.015449,
95512.929688,-21.936605,-50.508041,-0.035541,-0.047789,-0.849558,0.249966,-0.396591,-0.011485,0.353365,-0.568305,-0.016102,
95612.757812,-21.936605,-50.508041,-0.035575,-0.047800,-0.851761,0.289727,-0.461054,-0.013347,0.382859,-0.619189,-0.017778,
95712.929688,-21.936605,-50.508041,-0.035676,-0.047852,-0.853970,0.332287,-0.530347,-0.015415,0.411355,-0.668346,-0.019714,
95812.859375,-21.936605,-50.508041,-0.035704,-0.047930,-0.856148,0.377517,-0.603895,-0.017823,0.438655,-0.713107,-0.022624,
95912.804688,-21.936605,-50.508041,-0.035857,-0.047937,-0.858196,0.425714,-0.682780,-0.020271,0.467526,-0.763598,-0.023859,
